,Country Name,Year
0,Albania,2003
1,Algeria,2003
2,Angola,2003
3,Argentina,2003
4,Armenia,2003
5,Australia,2003
6,Austria,2003
7,Azerbaijan,2003
8,"Bahamas, The",2003
9,Bahrain,2003
10,Bangladesh,2003
11,Belarus,2003
12,Belgium,2003
13,Belize,2003
14,Benin,2003
15,Bhutan,2003
16,Bolivia,2003
17,Bosnia and Herzegovina,2003
18,Botswana,2003
19,Brazil,2003
20,Brunei Darussalam,2003
21,Bulgaria,2003
22,Burkina Faso,2003
23,Burundi,2003
24,Cabo Verde,2003
25,Cambodia,2003
26,Cameroon,2003
27,Canada,2003
28,Chile,2003
29,China,2003
30,Colombia,2003
31,Comoros,2003
32,"Congo, Dem. Rep.",2003
33,"Congo, Rep.",2003
34,Costa Rica,2003
35,Cote d'Ivoire,2003
36,Croatia,2003
37,Cyprus,2003
38,Czechia,2003
39,Denmark,2003
40,Dominican Republic,2003
41,Ecuador,2003
42,"Egypt, Arab Rep.",2003
43,El Salvador,2003
44,Estonia,2003
45,Eswatini,2003
46,Ethiopia,2003
47,Fiji,2003
48,Finland,2003
49,France,2003
50,Gabon,2003
51,"Gambia, The",2003
52,Georgia,2003
53,Germany,2003
54,Ghana,2003
55,Greece,2003
56,Guatemala,2003
57,Guinea,2003
58,Guinea-Bissau,2003
59,Haiti,2003
60,Honduras,2003
61,Hungary,2003
62,Iceland,2003
63,India,2003
64,Indonesia,2003
65,Iraq,2003
66,Ireland,2003
67,Israel,2003
68,Italy,2003
69,Jamaica,2003
70,Japan,2003
71,Jordan,2003
72,Kazakhstan,2003
73,Kenya,2003
74,"Korea, Rep.",2003
75,Kuwait,2003
76,Kyrgyz Republic,2003
77,Lao PDR,2003
78,Latvia,2003
79,Lebanon,2003
80,Lesotho,2003
81,Lithuania,2003
82,Luxembourg,2003
83,Madagascar,2003
84,Malaysia,2003
85,Mali,2003
86,Malta,2003
87,Mauritania,2003
88,Mauritius,2003
89,Mexico,2003
90,Moldova,2003
91,Mongolia,2003
92,Morocco,2003
93,Namibia,2003
94,Nepal,2003
95,Netherlands,2003
96,New Zealand,2003
97,Nicaragua,2003
98,Niger,2003
99,North Macedonia,2003
100,Norway,2003
101,Oman,2003
102,Pakistan,2003
103,Panama,2003
104,Paraguay,2003
105,Peru,2003
106,Philippines,2003
107,Poland,2003
108,Portugal,2003
109,Romania,2003
110,Russian Federation,2003
111,Rwanda,2003
112,Samoa,2003
113,Saudi Arabia,2003
114,Senegal,2003
115,Serbia,2003
116,Sierra Leone,2003
117,Singapore,2003
118,Slovak Republic,2003
119,Slovenia,2003
120,Solomon Islands,2003
121,South Africa,2003
122,Spain,2003
123,Sri Lanka,2003
124,Sudan,2003
125,Sweden,2003
126,Switzerland,2003
127,Tajikistan,2003
128,Tanzania,2003
129,Thailand,2003
130,Timor-Leste,2003
131,Togo,2003
132,Tonga,2003
133,Tunisia,2003
134,Turkiye,2003
135,Uganda,2003
136,Ukraine,2003
137,United Kingdom,2003
138,United States,2003
139,Uruguay,2003
140,Uzbekistan,2003
141,Vanuatu,2003
142,Viet Nam,2003
143,Zambia,2003
144,Zimbabwe,2003
145,Albania,2004
146,Algeria,2004
147,Angola,2004
148,Argentina,2004
149,Armenia,2004
150,Australia,2004
151,Austria,2004
152,Azerbaijan,2004
153,"Bahamas, The",2004
154,Bahrain,2004
155,Bangladesh,2004
156,Belarus,2004
157,Belgium,2004
158,Belize,2004
159,Benin,2004
160,Bhutan,2004
161,Bolivia,2004
162,Bosnia and Herzegovina,2004
163,Botswana,2004
164,Brazil,2004
165,Brunei Darussalam,2004
166,Bulgaria,2004
167,Burkina Faso,2004
168,Burundi,2004
169,Cabo Verde,2004
170,Cambodia,2004
171,Cameroon,2004
172,Canada,2004
173,Chile,2004
174,China,2004
175,Colombia,2004
176,Comoros,2004
177,"Congo, Dem. Rep.",2004
178,"Congo, Rep.",2004
179,Costa Rica,2004
180,Cote d'Ivoire,2004
181,Croatia,2004
182,Cyprus,2004
183,Czechia,2004
184,Denmark,2004
185,Dominican Republic,2004
186,Ecuador,2004
187,"Egypt, Arab Rep.",2004
188,El Salvador,2004
189,Estonia,2004
190,Eswatini,2004
191,Ethiopia,2004
192,Fiji,2004
193,Finland,2004
194,France,2004
195,Gabon,2004
196,"Gambia, The",2004
197,Georgia,2004
198,Germany,2004
199,Ghana,2004
200,Greece,2004
201,Guatemala,2004
202,Guinea,2004
203,Guinea-Bissau,2004
204,Haiti,2004
205,Honduras,2004
206,Hungary,2004
207,Iceland,2004
208,India,2004
209,Indonesia,2004
210,Iraq,2004
211,Ireland,2004
212,Israel,2004
213,Italy,2004
214,Jamaica,2004
215,Japan,2004
216,Jordan,2004
217,Kazakhstan,2004
218,Kenya,2004
219,"Korea, Rep.",2004
220,Kuwait,2004
221,Kyrgyz Republic,2004
222,Lao PDR,2004
223,Latvia,2004
224,Lebanon,2004
225,Lesotho,2004
226,Lithuania,2004
227,Luxembourg,2004
228,Madagascar,2004
229,Malaysia,2004
230,Mali,2004
231,Malta,2004
232,Mauritania,2004
233,Mauritius,2004
234,Mexico,2004
235,Moldova,2004
236,Mongolia,2004
237,Morocco,2004
238,Namibia,2004
239,Nepal,2004
240,Netherlands,2004
241,New Zealand,2004
242,Nicaragua,2004
243,Niger,2004
244,North Macedonia,2004
245,Norway,2004
246,Oman,2004
247,Pakistan,2004
248,Panama,2004
249,Paraguay,2004
250,Peru,2004
251,Philippines,2004
252,Poland,2004
253,Portugal,2004
254,Romania,2004
255,Russian Federation,2004
256,Rwanda,2004
257,Samoa,2004
258,Saudi Arabia,2004
259,Senegal,2004
260,Serbia,2004
261,Sierra Leone,2004
262,Singapore,2004
263,Slovak Republic,2004
264,Slovenia,2004
265,Solomon Islands,2004
266,South Africa,2004
267,Spain,2004
268,Sri Lanka,2004
269,Sudan,2004
270,Sweden,2004
271,Switzerland,2004
272,Tajikistan,2004
273,Tanzania,2004
274,Thailand,2004
275,Timor-Leste,2004
276,Togo,2004
277,Tonga,2004
278,Tunisia,2004
279,Turkiye,2004
280,Uganda,2004
281,Ukraine,2004
282,United Kingdom,2004
283,United States,2004
284,Uruguay,2004
285,Uzbekistan,2004
286,Vanuatu,2004
287,Viet Nam,2004
288,Zambia,2004
289,Zimbabwe,2004
290,Albania,2005
291,Algeria,2005
292,Angola,2005
293,Argentina,2005
294,Armenia,2005
295,Australia,2005
296,Austria,2005
297,Azerbaijan,2005
298,"Bahamas, The",2005
299,Bahrain,2005
300,Bangladesh,2005
301,Belarus,2005
302,Belgium,2005
303,Belize,2005
304,Benin,2005
305,Bhutan,2005
306,Bolivia,2005
307,Bosnia and Herzegovina,2005
308,Botswana,2005
309,Brazil,2005
310,Brunei Darussalam,2005
311,Bulgaria,2005
312,Burkina Faso,2005
313,Burundi,2005
314,Cabo Verde,2005
315,Cambodia,2005
316,Cameroon,2005
317,Canada,2005
318,Chile,2005
319,China,2005
320,Colombia,2005
321,Comoros,2005
322,"Congo, Dem. Rep.",2005
323,"Congo, Rep.",2005
324,Costa Rica,2005
325,Cote d'Ivoire,2005
326,Croatia,2005
327,Cyprus,2005
328,Czechia,2005
329,Denmark,2005
330,Dominican Republic,2005
331,Ecuador,2005
332,"Egypt, Arab Rep.",2005
333,El Salvador,2005
334,Estonia,2005
335,Eswatini,2005
336,Ethiopia,2005
337,Fiji,2005
338,Finland,2005
339,France,2005
340,Gabon,2005
341,"Gambia, The",2005
342,Georgia,2005
343,Germany,2005
344,Ghana,2005
345,Greece,2005
346,Guatemala,2005
347,Guinea,2005
348,Guinea-Bissau,2005
349,Haiti,2005
350,Honduras,2005
351,Hungary,2005
352,Iceland,2005
353,India,2005
354,Indonesia,2005
355,Iraq,2005
356,Ireland,2005
357,Israel,2005
358,Italy,2005
359,Jamaica,2005
360,Japan,2005
361,Jordan,2005
362,Kazakhstan,2005
363,Kenya,2005
364,"Korea, Rep.",2005
365,Kuwait,2005
366,Kyrgyz Republic,2005
367,Lao PDR,2005
368,Latvia,2005
369,Lebanon,2005
370,Lesotho,2005
371,Lithuania,2005
372,Luxembourg,2005
373,Madagascar,2005
374,Malaysia,2005
375,Mali,2005
376,Malta,2005
377,Mauritania,2005
378,Mauritius,2005
379,Mexico,2005
380,Moldova,2005
381,Mongolia,2005
382,Morocco,2005
383,Namibia,2005
384,Nepal,2005
385,Netherlands,2005
386,New Zealand,2005
387,Nicaragua,2005
388,Niger,2005
389,North Macedonia,2005
390,Norway,2005
391,Oman,2005
392,Pakistan,2005
393,Panama,2005
394,Paraguay,2005
395,Peru,2005
396,Philippines,2005
397,Poland,2005
398,Portugal,2005
399,Romania,2005
400,Russian Federation,2005
401,Rwanda,2005
402,Samoa,2005
403,Saudi Arabia,2005
404,Senegal,2005
405,Serbia,2005
406,Sierra Leone,2005
407,Singapore,2005
408,Slovak Republic,2005
409,Slovenia,2005
410,Solomon Islands,2005
411,South Africa,2005
412,Spain,2005
413,Sri Lanka,2005
414,Sudan,2005
415,Sweden,2005
416,Switzerland,2005
417,Tajikistan,2005
418,Tanzania,2005
419,Thailand,2005
420,Timor-Leste,2005
421,Togo,2005
422,Tonga,2005
423,Tunisia,2005
424,Turkiye,2005
425,Uganda,2005
426,Ukraine,2005
427,United Kingdom,2005
428,United States,2005
429,Uruguay,2005
430,Uzbekistan,2005
431,Vanuatu,2005
432,Viet Nam,2005
433,Zambia,2005
434,Zimbabwe,2005
435,Albania,2006
436,Algeria,2006
437,Angola,2006
438,Argentina,2006
439,Armenia,2006
440,Australia,2006
441,Austria,2006
442,Azerbaijan,2006
443,"Bahamas, The",2006
444,Bahrain,2006
445,Bangladesh,2006
446,Belarus,2006
447,Belgium,2006
448,Belize,2006
449,Benin,2006
450,Bhutan,2006
451,Bolivia,2006
452,Bosnia and Herzegovina,2006
453,Botswana,2006
454,Brazil,2006
455,Brunei Darussalam,2006
456,Bulgaria,2006
457,Burkina Faso,2006
458,Burundi,2006
459,Cabo Verde,2006
460,Cambodia,2006
461,Cameroon,2006
462,Canada,2006
463,Chile,2006
464,China,2006
465,Colombia,2006
466,Comoros,2006
467,"Congo, Dem. Rep.",2006
468,"Congo, Rep.",2006
469,Costa Rica,2006
470,Cote d'Ivoire,2006
471,Croatia,2006
472,Cyprus,2006
473,Czechia,2006
474,Denmark,2006
475,Dominican Republic,2006
476,Ecuador,2006
477,"Egypt, Arab Rep.",2006
478,El Salvador,2006
479,Estonia,2006
480,Eswatini,2006
481,Ethiopia,2006
482,Fiji,2006
483,Finland,2006
484,France,2006
485,Gabon,2006
486,"Gambia, The",2006
487,Georgia,2006
488,Germany,2006
489,Ghana,2006
490,Greece,2006
491,Guatemala,2006
492,Guinea,2006
493,Guinea-Bissau,2006
494,Haiti,2006
495,Honduras,2006
496,Hungary,2006
497,Iceland,2006
498,India,2006
499,Indonesia,2006
500,Iraq,2006
501,Ireland,2006
502,Israel,2006
503,Italy,2006
504,Jamaica,2006
505,Japan,2006
506,Jordan,2006
507,Kazakhstan,2006
508,Kenya,2006
509,"Korea, Rep.",2006
510,Kuwait,2006
511,Kyrgyz Republic,2006
512,Lao PDR,2006
513,Latvia,2006
514,Lebanon,2006
515,Lesotho,2006
516,Lithuania,2006
517,Luxembourg,2006
518,Madagascar,2006
519,Malaysia,2006
520,Mali,2006
521,Malta,2006
522,Mauritania,2006
523,Mauritius,2006
524,Mexico,2006
525,Moldova,2006
526,Mongolia,2006
527,Morocco,2006
528,Namibia,2006
529,Nepal,2006
530,Netherlands,2006
531,New Zealand,2006
532,Nicaragua,2006
533,Niger,2006
534,North Macedonia,2006
535,Norway,2006
536,Oman,2006
537,Pakistan,2006
538,Panama,2006
539,Paraguay,2006
540,Peru,2006
541,Philippines,2006
542,Poland,2006
543,Portugal,2006
544,Romania,2006
545,Russian Federation,2006
546,Rwanda,2006
547,Samoa,2006
548,Saudi Arabia,2006
549,Senegal,2006
550,Serbia,2006
551,Sierra Leone,2006
552,Singapore,2006
553,Slovak Republic,2006
554,Slovenia,2006
555,Solomon Islands,2006
556,South Africa,2006
557,Spain,2006
558,Sri Lanka,2006
559,Sudan,2006
560,Sweden,2006
561,Switzerland,2006
562,Tajikistan,2006
563,Tanzania,2006
564,Thailand,2006
565,Timor-Leste,2006
566,Togo,2006
567,Tonga,2006
568,Tunisia,2006
569,Turkiye,2006
570,Uganda,2006
571,Ukraine,2006
572,United Kingdom,2006
573,United States,2006
574,Uruguay,2006
575,Uzbekistan,2006
576,Vanuatu,2006
577,Viet Nam,2006
578,Zambia,2006
579,Zimbabwe,2006
580,Albania,2007
581,Algeria,2007
582,Angola,2007
583,Argentina,2007
584,Armenia,2007
585,Australia,2007
586,Austria,2007
587,Azerbaijan,2007
588,"Bahamas, The",2007
589,Bahrain,2007
590,Bangladesh,2007
591,Belarus,2007
592,Belgium,2007
593,Belize,2007
594,Benin,2007
595,Bhutan,2007
596,Bolivia,2007
597,Bosnia and Herzegovina,2007
598,Botswana,2007
599,Brazil,2007
600,Brunei Darussalam,2007
601,Bulgaria,2007
602,Burkina Faso,2007
603,Burundi,2007
604,Cabo Verde,2007
605,Cambodia,2007
606,Cameroon,2007
607,Canada,2007
608,Chile,2007
609,China,2007
610,Colombia,2007
611,Comoros,2007
612,"Congo, Dem. Rep.",2007
613,"Congo, Rep.",2007
614,Costa Rica,2007
615,Cote d'Ivoire,2007
616,Croatia,2007
617,Cyprus,2007
618,Czechia,2007
619,Denmark,2007
620,Dominican Republic,2007
621,Ecuador,2007
622,"Egypt, Arab Rep.",2007
623,El Salvador,2007
624,Estonia,2007
625,Eswatini,2007
626,Ethiopia,2007
627,Fiji,2007
628,Finland,2007
629,France,2007
630,Gabon,2007
631,"Gambia, The",2007
632,Georgia,2007
633,Germany,2007
634,Ghana,2007
635,Greece,2007
636,Guatemala,2007
637,Guinea,2007
638,Guinea-Bissau,2007
639,Haiti,2007
640,Honduras,2007
641,Hungary,2007
642,Iceland,2007
643,India,2007
644,Indonesia,2007
645,Iraq,2007
646,Ireland,2007
647,Israel,2007
648,Italy,2007
649,Jamaica,2007
650,Japan,2007
651,Jordan,2007
652,Kazakhstan,2007
653,Kenya,2007
654,"Korea, Rep.",2007
655,Kuwait,2007
656,Kyrgyz Republic,2007
657,Lao PDR,2007
658,Latvia,2007
659,Lebanon,2007
660,Lesotho,2007
661,Lithuania,2007
662,Luxembourg,2007
663,Madagascar,2007
664,Malaysia,2007
665,Mali,2007
666,Malta,2007
667,Mauritania,2007
668,Mauritius,2007
669,Mexico,2007
670,Moldova,2007
671,Mongolia,2007
672,Morocco,2007
673,Namibia,2007
674,Nepal,2007
675,Netherlands,2007
676,New Zealand,2007
677,Nicaragua,2007
678,Niger,2007
679,North Macedonia,2007
680,Norway,2007
681,Oman,2007
682,Pakistan,2007
683,Panama,2007
684,Paraguay,2007
685,Peru,2007
686,Philippines,2007
687,Poland,2007
688,Portugal,2007
689,Romania,2007
690,Russian Federation,2007
691,Rwanda,2007
692,Samoa,2007
693,Saudi Arabia,2007
694,Senegal,2007
695,Serbia,2007
696,Sierra Leone,2007
697,Singapore,2007
698,Slovak Republic,2007
699,Slovenia,2007
700,Solomon Islands,2007
701,South Africa,2007
702,Spain,2007
703,Sri Lanka,2007
704,Sudan,2007
705,Sweden,2007
706,Switzerland,2007
707,Tajikistan,2007
708,Tanzania,2007
709,Thailand,2007
710,Timor-Leste,2007
711,Togo,2007
712,Tonga,2007
713,Tunisia,2007
714,Turkiye,2007
715,Uganda,2007
716,Ukraine,2007
717,United Kingdom,2007
718,United States,2007
719,Uruguay,2007
720,Uzbekistan,2007
721,Vanuatu,2007
722,Viet Nam,2007
723,Zambia,2007
724,Zimbabwe,2007
725,Albania,2008
726,Algeria,2008
727,Angola,2008
728,Argentina,2008
729,Armenia,2008
730,Australia,2008
731,Austria,2008
732,Azerbaijan,2008
733,"Bahamas, The",2008
734,Bahrain,2008
735,Bangladesh,2008
736,Belarus,2008
737,Belgium,2008
738,Belize,2008
739,Benin,2008
740,Bhutan,2008
741,Bolivia,2008
742,Bosnia and Herzegovina,2008
743,Botswana,2008
744,Brazil,2008
745,Brunei Darussalam,2008
746,Bulgaria,2008
747,Burkina Faso,2008
748,Burundi,2008
749,Cabo Verde,2008
750,Cambodia,2008
751,Cameroon,2008
752,Canada,2008
753,Chile,2008
754,China,2008
755,Colombia,2008
756,Comoros,2008
757,"Congo, Dem. Rep.",2008
758,"Congo, Rep.",2008
759,Costa Rica,2008
760,Cote d'Ivoire,2008
761,Croatia,2008
762,Cyprus,2008
763,Czechia,2008
764,Denmark,2008
765,Dominican Republic,2008
766,Ecuador,2008
767,"Egypt, Arab Rep.",2008
768,El Salvador,2008
769,Estonia,2008
770,Eswatini,2008
771,Ethiopia,2008
772,Fiji,2008
773,Finland,2008
774,France,2008
775,Gabon,2008
776,"Gambia, The",2008
777,Georgia,2008
778,Germany,2008
779,Ghana,2008
780,Greece,2008
781,Guatemala,2008
782,Guinea,2008
783,Guinea-Bissau,2008
784,Haiti,2008
785,Honduras,2008
786,Hungary,2008
787,Iceland,2008
788,India,2008
789,Indonesia,2008
790,Iraq,2008
791,Ireland,2008
792,Israel,2008
793,Italy,2008
794,Jamaica,2008
795,Japan,2008
796,Jordan,2008
797,Kazakhstan,2008
798,Kenya,2008
799,"Korea, Rep.",2008
800,Kuwait,2008
801,Kyrgyz Republic,2008
802,Lao PDR,2008
803,Latvia,2008
804,Lebanon,2008
805,Lesotho,2008
806,Lithuania,2008
807,Luxembourg,2008
808,Madagascar,2008
809,Malaysia,2008
810,Mali,2008
811,Malta,2008
812,Mauritania,2008
813,Mauritius,2008
814,Mexico,2008
815,Moldova,2008
816,Mongolia,2008
817,Morocco,2008
818,Namibia,2008
819,Nepal,2008
820,Netherlands,2008
821,New Zealand,2008
822,Nicaragua,2008
823,Niger,2008
824,North Macedonia,2008
825,Norway,2008
826,Oman,2008
827,Pakistan,2008
828,Panama,2008
829,Paraguay,2008
830,Peru,2008
831,Philippines,2008
832,Poland,2008
833,Portugal,2008
834,Romania,2008
835,Russian Federation,2008
836,Rwanda,2008
837,Samoa,2008
838,Saudi Arabia,2008
839,Senegal,2008
840,Serbia,2008
841,Sierra Leone,2008
842,Singapore,2008
843,Slovak Republic,2008
844,Slovenia,2008
845,Solomon Islands,2008
846,South Africa,2008
847,Spain,2008
848,Sri Lanka,2008
849,Sudan,2008
850,Sweden,2008
851,Switzerland,2008
852,Tajikistan,2008
853,Tanzania,2008
854,Thailand,2008
855,Timor-Leste,2008
856,Togo,2008
857,Tonga,2008
858,Tunisia,2008
859,Turkiye,2008
860,Uganda,2008
861,Ukraine,2008
862,United Kingdom,2008
863,United States,2008
864,Uruguay,2008
865,Uzbekistan,2008
866,Vanuatu,2008
867,Viet Nam,2008
868,Zambia,2008
869,Zimbabwe,2008
870,Albania,2009
871,Algeria,2009
872,Angola,2009
873,Argentina,2009
874,Armenia,2009
875,Australia,2009
876,Austria,2009
877,Azerbaijan,2009
878,"Bahamas, The",2009
879,Bahrain,2009
880,Bangladesh,2009
881,Belarus,2009
882,Belgium,2009
883,Belize,2009
884,Benin,2009
885,Bhutan,2009
886,Bolivia,2009
887,Bosnia and Herzegovina,2009
888,Botswana,2009
889,Brazil,2009
890,Brunei Darussalam,2009
891,Bulgaria,2009
892,Burkina Faso,2009
893,Burundi,2009
894,Cabo Verde,2009
895,Cambodia,2009
896,Cameroon,2009
897,Canada,2009
898,Chile,2009
899,China,2009
900,Colombia,2009
901,Comoros,2009
902,"Congo, Dem. Rep.",2009
903,"Congo, Rep.",2009
904,Costa Rica,2009
905,Cote d'Ivoire,2009
906,Croatia,2009
907,Cyprus,2009
908,Czechia,2009
909,Denmark,2009
910,Dominican Republic,2009
911,Ecuador,2009
912,"Egypt, Arab Rep.",2009
913,El Salvador,2009
914,Estonia,2009
915,Eswatini,2009
916,Ethiopia,2009
917,Fiji,2009
918,Finland,2009
919,France,2009
920,Gabon,2009
921,"Gambia, The",2009
922,Georgia,2009
923,Germany,2009
924,Ghana,2009
925,Greece,2009
926,Guatemala,2009
927,Guinea,2009
928,Guinea-Bissau,2009
929,Haiti,2009
930,Honduras,2009
931,Hungary,2009
932,Iceland,2009
933,India,2009
934,Indonesia,2009
935,Iraq,2009
936,Ireland,2009
937,Israel,2009
938,Italy,2009
939,Jamaica,2009
940,Japan,2009
941,Jordan,2009
942,Kazakhstan,2009
943,Kenya,2009
944,"Korea, Rep.",2009
945,Kuwait,2009
946,Kyrgyz Republic,2009
947,Lao PDR,2009
948,Latvia,2009
949,Lebanon,2009
950,Lesotho,2009
951,Lithuania,2009
952,Luxembourg,2009
953,Madagascar,2009
954,Malaysia,2009
955,Mali,2009
956,Malta,2009
957,Mauritania,2009
958,Mauritius,2009
959,Mexico,2009
960,Moldova,2009
961,Mongolia,2009
962,Morocco,2009
963,Namibia,2009
964,Nepal,2009
965,Netherlands,2009
966,New Zealand,2009
967,Nicaragua,2009
968,Niger,2009
969,North Macedonia,2009
970,Norway,2009
971,Oman,2009
972,Pakistan,2009
973,Panama,2009
974,Paraguay,2009
975,Peru,2009
976,Philippines,2009
977,Poland,2009
978,Portugal,2009
979,Romania,2009
980,Russian Federation,2009
981,Rwanda,2009
982,Samoa,2009
983,Saudi Arabia,2009
984,Senegal,2009
985,Serbia,2009
986,Sierra Leone,2009
987,Singapore,2009
988,Slovak Republic,2009
989,Slovenia,2009
990,Solomon Islands,2009
991,South Africa,2009
992,Spain,2009
993,Sri Lanka,2009
994,Sudan,2009
995,Sweden,2009
996,Switzerland,2009
997,Tajikistan,2009
998,Tanzania,2009
999,Thailand,2009
1000,Timor-Leste,2009
1001,Togo,2009
1002,Tonga,2009
1003,Tunisia,2009
1004,Turkiye,2009
1005,Uganda,2009
1006,Ukraine,2009
1007,United Kingdom,2009
1008,United States,2009
1009,Uruguay,2009
1010,Uzbekistan,2009
1011,Vanuatu,2009
1012,Viet Nam,2009
1013,Zambia,2009
1014,Zimbabwe,2009
1015,Albania,2010
1016,Algeria,2010
1017,Angola,2010
1018,Argentina,2010
1019,Armenia,2010
1020,Australia,2010
1021,Austria,2010
1022,Azerbaijan,2010
1023,"Bahamas, The",2010
1024,Bahrain,2010
1025,Bangladesh,2010
1026,Belarus,2010
1027,Belgium,2010
1028,Belize,2010
1029,Benin,2010
1030,Bhutan,2010
1031,Bolivia,2010
1032,Bosnia and Herzegovina,2010
1033,Botswana,2010
1034,Brazil,2010
1035,Brunei Darussalam,2010
1036,Bulgaria,2010
1037,Burkina Faso,2010
1038,Burundi,2010
1039,Cabo Verde,2010
1040,Cambodia,2010
1041,Cameroon,2010
1042,Canada,2010
1043,Chile,2010
1044,China,2010
1045,Colombia,2010
1046,Comoros,2010
1047,"Congo, Dem. Rep.",2010
1048,"Congo, Rep.",2010
1049,Costa Rica,2010
1050,Cote d'Ivoire,2010
1051,Croatia,2010
1052,Cyprus,2010
1053,Czechia,2010
1054,Denmark,2010
1055,Dominican Republic,2010
1056,Ecuador,2010
1057,"Egypt, Arab Rep.",2010
1058,El Salvador,2010
1059,Estonia,2010
1060,Eswatini,2010
1061,Ethiopia,2010
1062,Fiji,2010
1063,Finland,2010
1064,France,2010
1065,Gabon,2010
1066,"Gambia, The",2010
1067,Georgia,2010
1068,Germany,2010
1069,Ghana,2010
1070,Greece,2010
1071,Guatemala,2010
1072,Guinea,2010
1073,Guinea-Bissau,2010
1074,Haiti,2010
1075,Honduras,2010
1076,Hungary,2010
1077,Iceland,2010
1078,India,2010
1079,Indonesia,2010
1080,Iraq,2010
1081,Ireland,2010
1082,Israel,2010
1083,Italy,2010
1084,Jamaica,2010
1085,Japan,2010
1086,Jordan,2010
1087,Kazakhstan,2010
1088,Kenya,2010
1089,"Korea, Rep.",2010
1090,Kuwait,2010
1091,Kyrgyz Republic,2010
1092,Lao PDR,2010
1093,Latvia,2010
1094,Lebanon,2010
1095,Lesotho,2010
1096,Lithuania,2010
1097,Luxembourg,2010
1098,Madagascar,2010
1099,Malaysia,2010
1100,Mali,2010
1101,Malta,2010
1102,Mauritania,2010
1103,Mauritius,2010
1104,Mexico,2010
1105,Moldova,2010
1106,Mongolia,2010
1107,Morocco,2010
1108,Namibia,2010
1109,Nepal,2010
1110,Netherlands,2010
1111,New Zealand,2010
1112,Nicaragua,2010
1113,Niger,2010
1114,North Macedonia,2010
1115,Norway,2010
1116,Oman,2010
1117,Pakistan,2010
1118,Panama,2010
1119,Paraguay,2010
1120,Peru,2010
1121,Philippines,2010
1122,Poland,2010
1123,Portugal,2010
1124,Romania,2010
1125,Russian Federation,2010
1126,Rwanda,2010
1127,Samoa,2010
1128,Saudi Arabia,2010
1129,Senegal,2010
1130,Serbia,2010
1131,Sierra Leone,2010
1132,Singapore,2010
1133,Slovak Republic,2010
1134,Slovenia,2010
1135,Solomon Islands,2010
1136,South Africa,2010
1137,Spain,2010
1138,Sri Lanka,2010
1139,Sudan,2010
1140,Sweden,2010
1141,Switzerland,2010
1142,Tajikistan,2010
1143,Tanzania,2010
1144,Thailand,2010
1145,Timor-Leste,2010
1146,Togo,2010
1147,Tonga,2010
1148,Tunisia,2010
1149,Turkiye,2010
1150,Uganda,2010
1151,Ukraine,2010
1152,United Kingdom,2010
1153,United States,2010
1154,Uruguay,2010
1155,Uzbekistan,2010
1156,Vanuatu,2010
1157,Viet Nam,2010
1158,Zambia,2010
1159,Zimbabwe,2010
1160,Albania,2011
1161,Algeria,2011
1162,Angola,2011
1163,Argentina,2011
1164,Armenia,2011
1165,Australia,2011
1166,Austria,2011
1167,Azerbaijan,2011
1168,"Bahamas, The",2011
1169,Bahrain,2011
1170,Bangladesh,2011
1171,Belarus,2011
1172,Belgium,2011
1173,Belize,2011
1174,Benin,2011
1175,Bhutan,2011
1176,Bolivia,2011
1177,Bosnia and Herzegovina,2011
1178,Botswana,2011
1179,Brazil,2011
1180,Brunei Darussalam,2011
1181,Bulgaria,2011
1182,Burkina Faso,2011
1183,Burundi,2011
1184,Cabo Verde,2011
1185,Cambodia,2011
1186,Cameroon,2011
1187,Canada,2011
1188,Chile,2011
1189,China,2011
1190,Colombia,2011
1191,Comoros,2011
1192,"Congo, Dem. Rep.",2011
1193,"Congo, Rep.",2011
1194,Costa Rica,2011
1195,Cote d'Ivoire,2011
1196,Croatia,2011
1197,Cyprus,2011
1198,Czechia,2011
1199,Denmark,2011
1200,Dominican Republic,2011
1201,Ecuador,2011
1202,"Egypt, Arab Rep.",2011
1203,El Salvador,2011
1204,Estonia,2011
1205,Eswatini,2011
1206,Ethiopia,2011
1207,Fiji,2011
1208,Finland,2011
1209,France,2011
1210,Gabon,2011
1211,"Gambia, The",2011
1212,Georgia,2011
1213,Germany,2011
1214,Ghana,2011
1215,Greece,2011
1216,Guatemala,2011
1217,Guinea,2011
1218,Guinea-Bissau,2011
1219,Haiti,2011
1220,Honduras,2011
1221,Hungary,2011
1222,Iceland,2011
1223,India,2011
1224,Indonesia,2011
1225,Iraq,2011
1226,Ireland,2011
1227,Israel,2011
1228,Italy,2011
1229,Jamaica,2011
1230,Japan,2011
1231,Jordan,2011
1232,Kazakhstan,2011
1233,Kenya,2011
1234,"Korea, Rep.",2011
1235,Kuwait,2011
1236,Kyrgyz Republic,2011
1237,Lao PDR,2011
1238,Latvia,2011
1239,Lebanon,2011
1240,Lesotho,2011
1241,Lithuania,2011
1242,Luxembourg,2011
1243,Madagascar,2011
1244,Malaysia,2011
1245,Mali,2011
1246,Malta,2011
1247,Mauritania,2011
1248,Mauritius,2011
1249,Mexico,2011
1250,Moldova,2011
1251,Mongolia,2011
1252,Morocco,2011
1253,Namibia,2011
1254,Nepal,2011
1255,Netherlands,2011
1256,New Zealand,2011
1257,Nicaragua,2011
1258,Niger,2011
1259,North Macedonia,2011
1260,Norway,2011
1261,Oman,2011
1262,Pakistan,2011
1263,Panama,2011
1264,Paraguay,2011
1265,Peru,2011
1266,Philippines,2011
1267,Poland,2011
1268,Portugal,2011
1269,Romania,2011
1270,Russian Federation,2011
1271,Rwanda,2011
1272,Samoa,2011
1273,Saudi Arabia,2011
1274,Senegal,2011
1275,Serbia,2011
1276,Sierra Leone,2011
1277,Singapore,2011
1278,Slovak Republic,2011
1279,Slovenia,2011
1280,Solomon Islands,2011
1281,South Africa,2011
1282,Spain,2011
1283,Sri Lanka,2011
1284,Sudan,2011
1285,Sweden,2011
1286,Switzerland,2011
1287,Tajikistan,2011
1288,Tanzania,2011
1289,Thailand,2011
1290,Timor-Leste,2011
1291,Togo,2011
1292,Tonga,2011
1293,Tunisia,2011
1294,Turkiye,2011
1295,Uganda,2011
1296,Ukraine,2011
1297,United Kingdom,2011
1298,United States,2011
1299,Uruguay,2011
1300,Uzbekistan,2011
1301,Vanuatu,2011
1302,Viet Nam,2011
1303,Zambia,2011
1304,Zimbabwe,2011
1305,Albania,2012
1306,Algeria,2012
1307,Angola,2012
1308,Argentina,2012
1309,Armenia,2012
1310,Australia,2012
1311,Austria,2012
1312,Azerbaijan,2012
1313,"Bahamas, The",2012
1314,Bahrain,2012
1315,Bangladesh,2012
1316,Belarus,2012
1317,Belgium,2012
1318,Belize,2012
1319,Benin,2012
1320,Bhutan,2012
1321,Bolivia,2012
1322,Bosnia and Herzegovina,2012
1323,Botswana,2012
1324,Brazil,2012
1325,Brunei Darussalam,2012
1326,Bulgaria,2012
1327,Burkina Faso,2012
1328,Burundi,2012
1329,Cabo Verde,2012
1330,Cambodia,2012
1331,Cameroon,2012
1332,Canada,2012
1333,Chile,2012
1334,China,2012
1335,Colombia,2012
1336,Comoros,2012
1337,"Congo, Dem. Rep.",2012
1338,"Congo, Rep.",2012
1339,Costa Rica,2012
1340,Cote d'Ivoire,2012
1341,Croatia,2012
1342,Cyprus,2012
1343,Czechia,2012
1344,Denmark,2012
1345,Dominican Republic,2012
1346,Ecuador,2012
1347,"Egypt, Arab Rep.",2012
1348,El Salvador,2012
1349,Estonia,2012
1350,Eswatini,2012
1351,Ethiopia,2012
1352,Fiji,2012
1353,Finland,2012
1354,France,2012
1355,Gabon,2012
1356,"Gambia, The",2012
1357,Georgia,2012
1358,Germany,2012
1359,Ghana,2012
1360,Greece,2012
1361,Guatemala,2012
1362,Guinea,2012
1363,Guinea-Bissau,2012
1364,Haiti,2012
1365,Honduras,2012
1366,Hungary,2012
1367,Iceland,2012
1368,India,2012
1369,Indonesia,2012
1370,Iraq,2012
1371,Ireland,2012
1372,Israel,2012
1373,Italy,2012
1374,Jamaica,2012
1375,Japan,2012
1376,Jordan,2012
1377,Kazakhstan,2012
1378,Kenya,2012
1379,"Korea, Rep.",2012
1380,Kuwait,2012
1381,Kyrgyz Republic,2012
1382,Lao PDR,2012
1383,Latvia,2012
1384,Lebanon,2012
1385,Lesotho,2012
1386,Lithuania,2012
1387,Luxembourg,2012
1388,Madagascar,2012
1389,Malaysia,2012
1390,Mali,2012
1391,Malta,2012
1392,Mauritania,2012
1393,Mauritius,2012
1394,Mexico,2012
1395,Moldova,2012
1396,Mongolia,2012
1397,Morocco,2012
1398,Namibia,2012
1399,Nepal,2012
1400,Netherlands,2012
1401,New Zealand,2012
1402,Nicaragua,2012
1403,Niger,2012
1404,North Macedonia,2012
1405,Norway,2012
1406,Oman,2012
1407,Pakistan,2012
1408,Panama,2012
1409,Paraguay,2012
1410,Peru,2012
1411,Philippines,2012
1412,Poland,2012
1413,Portugal,2012
1414,Romania,2012
1415,Russian Federation,2012
1416,Rwanda,2012
1417,Samoa,2012
1418,Saudi Arabia,2012
1419,Senegal,2012
1420,Serbia,2012
1421,Sierra Leone,2012
1422,Singapore,2012
1423,Slovak Republic,2012
1424,Slovenia,2012
1425,Solomon Islands,2012
1426,South Africa,2012
1427,Spain,2012
1428,Sri Lanka,2012
1429,Sudan,2012
1430,Sweden,2012
1431,Switzerland,2012
1432,Tajikistan,2012
1433,Tanzania,2012
1434,Thailand,2012
1435,Timor-Leste,2012
1436,Togo,2012
1437,Tonga,2012
1438,Tunisia,2012
1439,Turkiye,2012
1440,Uganda,2012
1441,Ukraine,2012
1442,United Kingdom,2012
1443,United States,2012
1444,Uruguay,2012
1445,Uzbekistan,2012
1446,Vanuatu,2012
1447,Viet Nam,2012
1448,Zambia,2012
1449,Zimbabwe,2012
1450,Albania,2013
1451,Algeria,2013
1452,Angola,2013
1453,Argentina,2013
1454,Armenia,2013
1455,Australia,2013
1456,Austria,2013
1457,Azerbaijan,2013
1458,"Bahamas, The",2013
1459,Bahrain,2013
1460,Bangladesh,2013
1461,Belarus,2013
1462,Belgium,2013
1463,Belize,2013
1464,Benin,2013
1465,Bhutan,2013
1466,Bolivia,2013
1467,Bosnia and Herzegovina,2013
1468,Botswana,2013
1469,Brazil,2013
1470,Brunei Darussalam,2013
1471,Bulgaria,2013
1472,Burkina Faso,2013
1473,Burundi,2013
1474,Cabo Verde,2013
1475,Cambodia,2013
1476,Cameroon,2013
1477,Canada,2013
1478,Chile,2013
1479,China,2013
1480,Colombia,2013
1481,Comoros,2013
1482,"Congo, Dem. Rep.",2013
1483,"Congo, Rep.",2013
1484,Costa Rica,2013
1485,Cote d'Ivoire,2013
1486,Croatia,2013
1487,Cyprus,2013
1488,Czechia,2013
1489,Denmark,2013
1490,Dominican Republic,2013
1491,Ecuador,2013
1492,"Egypt, Arab Rep.",2013
1493,El Salvador,2013
1494,Estonia,2013
1495,Eswatini,2013
1496,Ethiopia,2013
1497,Fiji,2013
1498,Finland,2013
1499,France,2013
1500,Gabon,2013
1501,"Gambia, The",2013
1502,Georgia,2013
1503,Germany,2013
1504,Ghana,2013
1505,Greece,2013
1506,Guatemala,2013
1507,Guinea,2013
1508,Guinea-Bissau,2013
1509,Haiti,2013
1510,Honduras,2013
1511,Hungary,2013
1512,Iceland,2013
1513,India,2013
1514,Indonesia,2013
1515,Iraq,2013
1516,Ireland,2013
1517,Israel,2013
1518,Italy,2013
1519,Jamaica,2013
1520,Japan,2013
1521,Jordan,2013
1522,Kazakhstan,2013
1523,Kenya,2013
1524,"Korea, Rep.",2013
1525,Kuwait,2013
1526,Kyrgyz Republic,2013
1527,Lao PDR,2013
1528,Latvia,2013
1529,Lebanon,2013
1530,Lesotho,2013
1531,Lithuania,2013
1532,Luxembourg,2013
1533,Madagascar,2013
1534,Malaysia,2013
1535,Mali,2013
1536,Malta,2013
1537,Mauritania,2013
1538,Mauritius,2013
1539,Mexico,2013
1540,Moldova,2013
1541,Mongolia,2013
1542,Morocco,2013
1543,Namibia,2013
1544,Nepal,2013
1545,Netherlands,2013
1546,New Zealand,2013
1547,Nicaragua,2013
1548,Niger,2013
1549,North Macedonia,2013
1550,Norway,2013
1551,Oman,2013
1552,Pakistan,2013
1553,Panama,2013
1554,Paraguay,2013
1555,Peru,2013
1556,Philippines,2013
1557,Poland,2013
1558,Portugal,2013
1559,Romania,2013
1560,Russian Federation,2013
1561,Rwanda,2013
1562,Samoa,2013
1563,Saudi Arabia,2013
1564,Senegal,2013
1565,Serbia,2013
1566,Sierra Leone,2013
1567,Singapore,2013
1568,Slovak Republic,2013
1569,Slovenia,2013
1570,Solomon Islands,2013
1571,South Africa,2013
1572,Spain,2013
1573,Sri Lanka,2013
1574,Sudan,2013
1575,Sweden,2013
1576,Switzerland,2013
1577,Tajikistan,2013
1578,Tanzania,2013
1579,Thailand,2013
1580,Timor-Leste,2013
1581,Togo,2013
1582,Tonga,2013
1583,Tunisia,2013
1584,Turkiye,2013
1585,Uganda,2013
1586,Ukraine,2013
1587,United Kingdom,2013
1588,United States,2013
1589,Uruguay,2013
1590,Uzbekistan,2013
1591,Vanuatu,2013
1592,Viet Nam,2013
1593,Zambia,2013
1594,Zimbabwe,2013
1595,Albania,2014
1596,Algeria,2014
1597,Angola,2014
1598,Argentina,2014
1599,Armenia,2014
1600,Australia,2014
1601,Austria,2014
1602,Azerbaijan,2014
1603,"Bahamas, The",2014
1604,Bahrain,2014
1605,Bangladesh,2014
1606,Belarus,2014
1607,Belgium,2014
1608,Belize,2014
1609,Benin,2014
1610,Bhutan,2014
1611,Bolivia,2014
1612,Bosnia and Herzegovina,2014
1613,Botswana,2014
1614,Brazil,2014
1615,Brunei Darussalam,2014
1616,Bulgaria,2014
1617,Burkina Faso,2014
1618,Burundi,2014
1619,Cabo Verde,2014
1620,Cambodia,2014
1621,Cameroon,2014
1622,Canada,2014
1623,Chile,2014
1624,China,2014
1625,Colombia,2014
1626,Comoros,2014
1627,"Congo, Dem. Rep.",2014
1628,"Congo, Rep.",2014
1629,Costa Rica,2014
1630,Cote d'Ivoire,2014
1631,Croatia,2014
1632,Cyprus,2014
1633,Czechia,2014
1634,Denmark,2014
1635,Dominican Republic,2014
1636,Ecuador,2014
1637,"Egypt, Arab Rep.",2014
1638,El Salvador,2014
1639,Estonia,2014
1640,Eswatini,2014
1641,Ethiopia,2014
1642,Fiji,2014
1643,Finland,2014
1644,France,2014
1645,Gabon,2014
1646,"Gambia, The",2014
1647,Georgia,2014
1648,Germany,2014
1649,Ghana,2014
1650,Greece,2014
1651,Guatemala,2014
1652,Guinea,2014
1653,Guinea-Bissau,2014
1654,Haiti,2014
1655,Honduras,2014
1656,Hungary,2014
1657,Iceland,2014
1658,India,2014
1659,Indonesia,2014
1660,Iraq,2014
1661,Ireland,2014
1662,Israel,2014
1663,Italy,2014
1664,Jamaica,2014
1665,Japan,2014
1666,Jordan,2014
1667,Kazakhstan,2014
1668,Kenya,2014
1669,"Korea, Rep.",2014
1670,Kuwait,2014
1671,Kyrgyz Republic,2014
1672,Lao PDR,2014
1673,Latvia,2014
1674,Lebanon,2014
1675,Lesotho,2014
1676,Lithuania,2014
1677,Luxembourg,2014
1678,Madagascar,2014
1679,Malaysia,2014
1680,Mali,2014
1681,Malta,2014
1682,Mauritania,2014
1683,Mauritius,2014
1684,Mexico,2014
1685,Moldova,2014
1686,Mongolia,2014
1687,Morocco,2014
1688,Namibia,2014
1689,Nepal,2014
1690,Netherlands,2014
1691,New Zealand,2014
1692,Nicaragua,2014
1693,Niger,2014
1694,North Macedonia,2014
1695,Norway,2014
1696,Oman,2014
1697,Pakistan,2014
1698,Panama,2014
1699,Paraguay,2014
1700,Peru,2014
1701,Philippines,2014
1702,Poland,2014
1703,Portugal,2014
1704,Romania,2014
1705,Russian Federation,2014
1706,Rwanda,2014
1707,Samoa,2014
1708,Saudi Arabia,2014
1709,Senegal,2014
1710,Serbia,2014
1711,Sierra Leone,2014
1712,Singapore,2014
1713,Slovak Republic,2014
1714,Slovenia,2014
1715,Solomon Islands,2014
1716,South Africa,2014
1717,Spain,2014
1718,Sri Lanka,2014
1719,Sudan,2014
1720,Sweden,2014
1721,Switzerland,2014
1722,Tajikistan,2014
1723,Tanzania,2014
1724,Thailand,2014
1725,Timor-Leste,2014
1726,Togo,2014
1727,Tonga,2014
1728,Tunisia,2014
1729,Turkiye,2014
1730,Uganda,2014
1731,Ukraine,2014
1732,United Kingdom,2014
1733,United States,2014
1734,Uruguay,2014
1735,Uzbekistan,2014
1736,Vanuatu,2014
1737,Viet Nam,2014
1738,Zambia,2014
1739,Zimbabwe,2014
1740,Albania,2015
1741,Algeria,2015
1742,Angola,2015
1743,Argentina,2015
1744,Armenia,2015
1745,Australia,2015
1746,Austria,2015
1747,Azerbaijan,2015
1748,"Bahamas, The",2015
1749,Bahrain,2015
1750,Bangladesh,2015
1751,Belarus,2015
1752,Belgium,2015
1753,Belize,2015
1754,Benin,2015
1755,Bhutan,2015
1756,Bolivia,2015
1757,Bosnia and Herzegovina,2015
1758,Botswana,2015
1759,Brazil,2015
1760,Brunei Darussalam,2015
1761,Bulgaria,2015
1762,Burkina Faso,2015
1763,Burundi,2015
1764,Cabo Verde,2015
1765,Cambodia,2015
1766,Cameroon,2015
1767,Canada,2015
1768,Chile,2015
1769,China,2015
1770,Colombia,2015
1771,Comoros,2015
1772,"Congo, Dem. Rep.",2015
1773,"Congo, Rep.",2015
1774,Costa Rica,2015
1775,Cote d'Ivoire,2015
1776,Croatia,2015
1777,Cyprus,2015
1778,Czechia,2015
1779,Denmark,2015
1780,Dominican Republic,2015
1781,Ecuador,2015
1782,"Egypt, Arab Rep.",2015
1783,El Salvador,2015
1784,Estonia,2015
1785,Eswatini,2015
1786,Ethiopia,2015
1787,Fiji,2015
1788,Finland,2015
1789,France,2015
1790,Gabon,2015
1791,"Gambia, The",2015
1792,Georgia,2015
1793,Germany,2015
1794,Ghana,2015
1795,Greece,2015
1796,Guatemala,2015
1797,Guinea,2015
1798,Guinea-Bissau,2015
1799,Haiti,2015
1800,Honduras,2015
1801,Hungary,2015
1802,Iceland,2015
1803,India,2015
1804,Indonesia,2015
1805,Iraq,2015
1806,Ireland,2015
1807,Israel,2015
1808,Italy,2015
1809,Jamaica,2015
1810,Japan,2015
1811,Jordan,2015
1812,Kazakhstan,2015
1813,Kenya,2015
1814,"Korea, Rep.",2015
1815,Kuwait,2015
1816,Kyrgyz Republic,2015
1817,Lao PDR,2015
1818,Latvia,2015
1819,Lebanon,2015
1820,Lesotho,2015
1821,Lithuania,2015
1822,Luxembourg,2015
1823,Madagascar,2015
1824,Malaysia,2015
1825,Mali,2015
1826,Malta,2015
1827,Mauritania,2015
1828,Mauritius,2015
1829,Mexico,2015
1830,Moldova,2015
1831,Mongolia,2015
1832,Morocco,2015
1833,Namibia,2015
1834,Nepal,2015
1835,Netherlands,2015
1836,New Zealand,2015
1837,Nicaragua,2015
1838,Niger,2015
1839,North Macedonia,2015
1840,Norway,2015
1841,Oman,2015
1842,Pakistan,2015
1843,Panama,2015
1844,Paraguay,2015
1845,Peru,2015
1846,Philippines,2015
1847,Poland,2015
1848,Portugal,2015
1849,Romania,2015
1850,Russian Federation,2015
1851,Rwanda,2015
1852,Samoa,2015
1853,Saudi Arabia,2015
1854,Senegal,2015
1855,Serbia,2015
1856,Sierra Leone,2015
1857,Singapore,2015
1858,Slovak Republic,2015
1859,Slovenia,2015
1860,Solomon Islands,2015
1861,South Africa,2015
1862,Spain,2015
1863,Sri Lanka,2015
1864,Sudan,2015
1865,Sweden,2015
1866,Switzerland,2015
1867,Tajikistan,2015
1868,Tanzania,2015
1869,Thailand,2015
1870,Timor-Leste,2015
1871,Togo,2015
1872,Tonga,2015
1873,Tunisia,2015
1874,Turkiye,2015
1875,Uganda,2015
1876,Ukraine,2015
1877,United Kingdom,2015
1878,United States,2015
1879,Uruguay,2015
1880,Uzbekistan,2015
1881,Vanuatu,2015
1882,Viet Nam,2015
1883,Zambia,2015
1884,Zimbabwe,2015
1885,Albania,2016
1886,Algeria,2016
1887,Angola,2016
1888,Argentina,2016
1889,Armenia,2016
1890,Australia,2016
1891,Austria,2016
1892,Azerbaijan,2016
1893,"Bahamas, The",2016
1894,Bahrain,2016
1895,Bangladesh,2016
1896,Belarus,2016
1897,Belgium,2016
1898,Belize,2016
1899,Benin,2016
1900,Bhutan,2016
1901,Bolivia,2016
1902,Bosnia and Herzegovina,2016
1903,Botswana,2016
1904,Brazil,2016
1905,Brunei Darussalam,2016
1906,Bulgaria,2016
1907,Burkina Faso,2016
1908,Burundi,2016
1909,Cabo Verde,2016
1910,Cambodia,2016
1911,Cameroon,2016
1912,Canada,2016
1913,Chile,2016
1914,China,2016
1915,Colombia,2016
1916,Comoros,2016
1917,"Congo, Dem. Rep.",2016
1918,"Congo, Rep.",2016
1919,Costa Rica,2016
1920,Cote d'Ivoire,2016
1921,Croatia,2016
1922,Cyprus,2016
1923,Czechia,2016
1924,Denmark,2016
1925,Dominican Republic,2016
1926,Ecuador,2016
1927,"Egypt, Arab Rep.",2016
1928,El Salvador,2016
1929,Estonia,2016
1930,Eswatini,2016
1931,Ethiopia,2016
1932,Fiji,2016
1933,Finland,2016
1934,France,2016
1935,Gabon,2016
1936,"Gambia, The",2016
1937,Georgia,2016
1938,Germany,2016
1939,Ghana,2016
1940,Greece,2016
1941,Guatemala,2016
1942,Guinea,2016
1943,Guinea-Bissau,2016
1944,Haiti,2016
1945,Honduras,2016
1946,Hungary,2016
1947,Iceland,2016
1948,India,2016
1949,Indonesia,2016
1950,Iraq,2016
1951,Ireland,2016
1952,Israel,2016
1953,Italy,2016
1954,Jamaica,2016
1955,Japan,2016
1956,Jordan,2016
1957,Kazakhstan,2016
1958,Kenya,2016
1959,"Korea, Rep.",2016
1960,Kuwait,2016
1961,Kyrgyz Republic,2016
1962,Lao PDR,2016
1963,Latvia,2016
1964,Lebanon,2016
1965,Lesotho,2016
1966,Lithuania,2016
1967,Luxembourg,2016
1968,Madagascar,2016
1969,Malaysia,2016
1970,Mali,2016
1971,Malta,2016
1972,Mauritania,2016
1973,Mauritius,2016
1974,Mexico,2016
1975,Moldova,2016
1976,Mongolia,2016
1977,Morocco,2016
1978,Namibia,2016
1979,Nepal,2016
1980,Netherlands,2016
1981,New Zealand,2016
1982,Nicaragua,2016
1983,Niger,2016
1984,North Macedonia,2016
1985,Norway,2016
1986,Oman,2016
1987,Pakistan,2016
1988,Panama,2016
1989,Paraguay,2016
1990,Peru,2016
1991,Philippines,2016
1992,Poland,2016
1993,Portugal,2016
1994,Romania,2016
1995,Russian Federation,2016
1996,Rwanda,2016
1997,Samoa,2016
1998,Saudi Arabia,2016
1999,Senegal,2016
2000,Serbia,2016
2001,Sierra Leone,2016
2002,Singapore,2016
2003,Slovak Republic,2016
2004,Slovenia,2016
2005,Solomon Islands,2016
2006,South Africa,2016
2007,Spain,2016
2008,Sri Lanka,2016
2009,Sudan,2016
2010,Sweden,2016
2011,Switzerland,2016
2012,Tajikistan,2016
2013,Tanzania,2016
2014,Thailand,2016
2015,Timor-Leste,2016
2016,Togo,2016
2017,Tonga,2016
2018,Tunisia,2016
2019,Turkiye,2016
2020,Uganda,2016
2021,Ukraine,2016
2022,United Kingdom,2016
2023,United States,2016
2024,Uruguay,2016
2025,Uzbekistan,2016
2026,Vanuatu,2016
2027,Viet Nam,2016
2028,Zambia,2016
2029,Zimbabwe,2016
2030,Albania,2017
2031,Algeria,2017
2032,Angola,2017
2033,Argentina,2017
2034,Armenia,2017
2035,Australia,2017
2036,Austria,2017
2037,Azerbaijan,2017
2038,"Bahamas, The",2017
2039,Bahrain,2017
2040,Bangladesh,2017
2041,Belarus,2017
2042,Belgium,2017
2043,Belize,2017
2044,Benin,2017
2045,Bhutan,2017
2046,Bolivia,2017
2047,Bosnia and Herzegovina,2017
2048,Botswana,2017
2049,Brazil,2017
2050,Brunei Darussalam,2017
2051,Bulgaria,2017
2052,Burkina Faso,2017
2053,Burundi,2017
2054,Cabo Verde,2017
2055,Cambodia,2017
2056,Cameroon,2017
2057,Canada,2017
2058,Chile,2017
2059,China,2017
2060,Colombia,2017
2061,Comoros,2017
2062,"Congo, Dem. Rep.",2017
2063,"Congo, Rep.",2017
2064,Costa Rica,2017
2065,Cote d'Ivoire,2017
2066,Croatia,2017
2067,Cyprus,2017
2068,Czechia,2017
2069,Denmark,2017
2070,Dominican Republic,2017
2071,Ecuador,2017
2072,"Egypt, Arab Rep.",2017
2073,El Salvador,2017
2074,Estonia,2017
2075,Eswatini,2017
2076,Ethiopia,2017
2077,Fiji,2017
2078,Finland,2017
2079,France,2017
2080,Gabon,2017
2081,"Gambia, The",2017
2082,Georgia,2017
2083,Germany,2017
2084,Ghana,2017
2085,Greece,2017
2086,Guatemala,2017
2087,Guinea,2017
2088,Guinea-Bissau,2017
2089,Haiti,2017
2090,Honduras,2017
2091,Hungary,2017
2092,Iceland,2017
2093,India,2017
2094,Indonesia,2017
2095,Iraq,2017
2096,Ireland,2017
2097,Israel,2017
2098,Italy,2017
2099,Jamaica,2017
2100,Japan,2017
2101,Jordan,2017
2102,Kazakhstan,2017
2103,Kenya,2017
2104,"Korea, Rep.",2017
2105,Kuwait,2017
2106,Kyrgyz Republic,2017
2107,Lao PDR,2017
2108,Latvia,2017
2109,Lebanon,2017
2110,Lesotho,2017
2111,Lithuania,2017
2112,Luxembourg,2017
2113,Madagascar,2017
2114,Malaysia,2017
2115,Mali,2017
2116,Malta,2017
2117,Mauritania,2017
2118,Mauritius,2017
2119,Mexico,2017
2120,Moldova,2017
2121,Mongolia,2017
2122,Morocco,2017
2123,Namibia,2017
2124,Nepal,2017
2125,Netherlands,2017
2126,New Zealand,2017
2127,Nicaragua,2017
2128,Niger,2017
2129,North Macedonia,2017
2130,Norway,2017
2131,Oman,2017
2132,Pakistan,2017
2133,Panama,2017
2134,Paraguay,2017
2135,Peru,2017
2136,Philippines,2017
2137,Poland,2017
2138,Portugal,2017
2139,Romania,2017
2140,Russian Federation,2017
2141,Rwanda,2017
2142,Samoa,2017
2143,Saudi Arabia,2017
2144,Senegal,2017
2145,Serbia,2017
2146,Sierra Leone,2017
2147,Singapore,2017
2148,Slovak Republic,2017
2149,Slovenia,2017
2150,Solomon Islands,2017
2151,South Africa,2017
2152,Spain,2017
2153,Sri Lanka,2017
2154,Sudan,2017
2155,Sweden,2017
2156,Switzerland,2017
2157,Tajikistan,2017
2158,Tanzania,2017
2159,Thailand,2017
2160,Timor-Leste,2017
2161,Togo,2017
2162,Tonga,2017
2163,Tunisia,2017
2164,Turkiye,2017
2165,Uganda,2017
2166,Ukraine,2017
2167,United Kingdom,2017
2168,United States,2017
2169,Uruguay,2017
2170,Uzbekistan,2017
2171,Vanuatu,2017
2172,Viet Nam,2017
2173,Zambia,2017
2174,Zimbabwe,2017
2175,Albania,2018
2176,Algeria,2018
2177,Angola,2018
2178,Argentina,2018
2179,Armenia,2018
2180,Australia,2018
2181,Austria,2018
2182,Azerbaijan,2018
2183,"Bahamas, The",2018
2184,Bahrain,2018
2185,Bangladesh,2018
2186,Belarus,2018
2187,Belgium,2018
2188,Belize,2018
2189,Benin,2018
2190,Bhutan,2018
2191,Bolivia,2018
2192,Bosnia and Herzegovina,2018
2193,Botswana,2018
2194,Brazil,2018
2195,Brunei Darussalam,2018
2196,Bulgaria,2018
2197,Burkina Faso,2018
2198,Burundi,2018
2199,Cabo Verde,2018
2200,Cambodia,2018
2201,Cameroon,2018
2202,Canada,2018
2203,Chile,2018
2204,China,2018
2205,Colombia,2018
2206,Comoros,2018
2207,"Congo, Dem. Rep.",2018
2208,"Congo, Rep.",2018
2209,Costa Rica,2018
2210,Cote d'Ivoire,2018
2211,Croatia,2018
2212,Cyprus,2018
2213,Czechia,2018
2214,Denmark,2018
2215,Dominican Republic,2018
2216,Ecuador,2018
2217,"Egypt, Arab Rep.",2018
2218,El Salvador,2018
2219,Estonia,2018
2220,Eswatini,2018
2221,Ethiopia,2018
2222,Fiji,2018
2223,Finland,2018
2224,France,2018
2225,Gabon,2018
2226,"Gambia, The",2018
2227,Georgia,2018
2228,Germany,2018
2229,Ghana,2018
2230,Greece,2018
2231,Guatemala,2018
2232,Guinea,2018
2233,Guinea-Bissau,2018
2234,Haiti,2018
2235,Honduras,2018
2236,Hungary,2018
2237,Iceland,2018
2238,India,2018
2239,Indonesia,2018
2240,Iraq,2018
2241,Ireland,2018
2242,Israel,2018
2243,Italy,2018
2244,Jamaica,2018
2245,Japan,2018
2246,Jordan,2018
2247,Kazakhstan,2018
2248,Kenya,2018
2249,"Korea, Rep.",2018
2250,Kuwait,2018
2251,Kyrgyz Republic,2018
2252,Lao PDR,2018
2253,Latvia,2018
2254,Lebanon,2018
2255,Lesotho,2018
2256,Lithuania,2018
2257,Luxembourg,2018
2258,Madagascar,2018
2259,Malaysia,2018
2260,Mali,2018
2261,Malta,2018
2262,Mauritania,2018
2263,Mauritius,2018
2264,Mexico,2018
2265,Moldova,2018
2266,Mongolia,2018
2267,Morocco,2018
2268,Namibia,2018
2269,Nepal,2018
2270,Netherlands,2018
2271,New Zealand,2018
2272,Nicaragua,2018
2273,Niger,2018
2274,North Macedonia,2018
2275,Norway,2018
2276,Oman,2018
2277,Pakistan,2018
2278,Panama,2018
2279,Paraguay,2018
2280,Peru,2018
2281,Philippines,2018
2282,Poland,2018
2283,Portugal,2018
2284,Romania,2018
2285,Russian Federation,2018
2286,Rwanda,2018
2287,Samoa,2018
2288,Saudi Arabia,2018
2289,Senegal,2018
2290,Serbia,2018
2291,Sierra Leone,2018
2292,Singapore,2018
2293,Slovak Republic,2018
2294,Slovenia,2018
2295,Solomon Islands,2018
2296,South Africa,2018
2297,Spain,2018
2298,Sri Lanka,2018
2299,Sudan,2018
2300,Sweden,2018
2301,Switzerland,2018
2302,Tajikistan,2018
2303,Tanzania,2018
2304,Thailand,2018
2305,Timor-Leste,2018
2306,Togo,2018
2307,Tonga,2018
2308,Tunisia,2018
2309,Turkiye,2018
2310,Uganda,2018
2311,Ukraine,2018
2312,United Kingdom,2018
2313,United States,2018
2314,Uruguay,2018
2315,Uzbekistan,2018
2316,Vanuatu,2018
2317,Viet Nam,2018
2318,Zambia,2018
2319,Zimbabwe,2018
2320,Albania,2019
2321,Algeria,2019
2322,Angola,2019
2323,Argentina,2019
2324,Armenia,2019
2325,Australia,2019
2326,Austria,2019
2327,Azerbaijan,2019
2328,"Bahamas, The",2019
2329,Bahrain,2019
2330,Bangladesh,2019
2331,Belarus,2019
2332,Belgium,2019
2333,Belize,2019
2334,Benin,2019
2335,Bhutan,2019
2336,Bolivia,2019
2337,Bosnia and Herzegovina,2019
2338,Botswana,2019
2339,Brazil,2019
2340,Brunei Darussalam,2019
2341,Bulgaria,2019
2342,Burkina Faso,2019
2343,Burundi,2019
2344,Cabo Verde,2019
2345,Cambodia,2019
2346,Cameroon,2019
2347,Canada,2019
2348,Chile,2019
2349,China,2019
2350,Colombia,2019
2351,Comoros,2019
2352,"Congo, Dem. Rep.",2019
2353,"Congo, Rep.",2019
2354,Costa Rica,2019
2355,Cote d'Ivoire,2019
2356,Croatia,2019
2357,Cyprus,2019
2358,Czechia,2019
2359,Denmark,2019
2360,Dominican Republic,2019
2361,Ecuador,2019
2362,"Egypt, Arab Rep.",2019
2363,El Salvador,2019
2364,Estonia,2019
2365,Eswatini,2019
2366,Ethiopia,2019
2367,Fiji,2019
2368,Finland,2019
2369,France,2019
2370,Gabon,2019
2371,"Gambia, The",2019
2372,Georgia,2019
2373,Germany,2019
2374,Ghana,2019
2375,Greece,2019
2376,Guatemala,2019
2377,Guinea,2019
2378,Guinea-Bissau,2019
2379,Haiti,2019
2380,Honduras,2019
2381,Hungary,2019
2382,Iceland,2019
2383,India,2019
2384,Indonesia,2019
2385,Iraq,2019
2386,Ireland,2019
2387,Israel,2019
2388,Italy,2019
2389,Jamaica,2019
2390,Japan,2019
2391,Jordan,2019
2392,Kazakhstan,2019
2393,Kenya,2019
2394,"Korea, Rep.",2019
2395,Kuwait,2019
2396,Kyrgyz Republic,2019
2397,Lao PDR,2019
2398,Latvia,2019
2399,Lebanon,2019
2400,Lesotho,2019
2401,Lithuania,2019
2402,Luxembourg,2019
2403,Madagascar,2019
2404,Malaysia,2019
2405,Mali,2019
2406,Malta,2019
2407,Mauritania,2019
2408,Mauritius,2019
2409,Mexico,2019
2410,Moldova,2019
2411,Mongolia,2019
2412,Morocco,2019
2413,Namibia,2019
2414,Nepal,2019
2415,Netherlands,2019
2416,New Zealand,2019
2417,Nicaragua,2019
2418,Niger,2019
2419,North Macedonia,2019
2420,Norway,2019
2421,Oman,2019
2422,Pakistan,2019
2423,Panama,2019
2424,Paraguay,2019
2425,Peru,2019
2426,Philippines,2019
2427,Poland,2019
2428,Portugal,2019
2429,Romania,2019
2430,Russian Federation,2019
2431,Rwanda,2019
2432,Samoa,2019
2433,Saudi Arabia,2019
2434,Senegal,2019
2435,Serbia,2019
2436,Sierra Leone,2019
2437,Singapore,2019
2438,Slovak Republic,2019
2439,Slovenia,2019
2440,Solomon Islands,2019
2441,South Africa,2019
2442,Spain,2019
2443,Sri Lanka,2019
2444,Sudan,2019
2445,Sweden,2019
2446,Switzerland,2019
2447,Tajikistan,2019
2448,Tanzania,2019
2449,Thailand,2019
2450,Timor-Leste,2019
2451,Togo,2019
2452,Tonga,2019
2453,Tunisia,2019
2454,Turkiye,2019
2455,Uganda,2019
2456,Ukraine,2019
2457,United Kingdom,2019
2458,United States,2019
2459,Uruguay,2019
2460,Uzbekistan,2019
2461,Vanuatu,2019
2462,Viet Nam,2019
2463,Zambia,2019
2464,Zimbabwe,2019
2465,Albania,2020
2466,Algeria,2020
2467,Angola,2020
2468,Argentina,2020
2469,Armenia,2020
2470,Australia,2020
2471,Austria,2020
2472,Azerbaijan,2020
2473,"Bahamas, The",2020
2474,Bahrain,2020
2475,Bangladesh,2020
2476,Belarus,2020
2477,Belgium,2020
2478,Belize,2020
2479,Benin,2020
2480,Bhutan,2020
2481,Bolivia,2020
2482,Bosnia and Herzegovina,2020
2483,Botswana,2020
2484,Brazil,2020
2485,Brunei Darussalam,2020
2486,Bulgaria,2020
2487,Burkina Faso,2020
2488,Burundi,2020
2489,Cabo Verde,2020
2490,Cambodia,2020
2491,Cameroon,2020
2492,Canada,2020
2493,Chile,2020
2494,China,2020
2495,Colombia,2020
2496,Comoros,2020
2497,"Congo, Dem. Rep.",2020
2498,"Congo, Rep.",2020
2499,Costa Rica,2020
2500,Cote d'Ivoire,2020
2501,Croatia,2020
2502,Cyprus,2020
2503,Czechia,2020
2504,Denmark,2020
2505,Dominican Republic,2020
2506,Ecuador,2020
2507,"Egypt, Arab Rep.",2020
2508,El Salvador,2020
2509,Estonia,2020
2510,Eswatini,2020
2511,Ethiopia,2020
2512,Fiji,2020
2513,Finland,2020
2514,France,2020
2515,Gabon,2020
2516,"Gambia, The",2020
2517,Georgia,2020
2518,Germany,2020
2519,Ghana,2020
2520,Greece,2020
2521,Guatemala,2020
2522,Guinea,2020
2523,Guinea-Bissau,2020
2524,Haiti,2020
2525,Honduras,2020
2526,Hungary,2020
2527,Iceland,2020
2528,India,2020
2529,Indonesia,2020
2530,Iraq,2020
2531,Ireland,2020
2532,Israel,2020
2533,Italy,2020
2534,Jamaica,2020
2535,Japan,2020
2536,Jordan,2020
2537,Kazakhstan,2020
2538,Kenya,2020
2539,"Korea, Rep.",2020
2540,Kuwait,2020
2541,Kyrgyz Republic,2020
2542,Lao PDR,2020
2543,Latvia,2020
2544,Lebanon,2020
2545,Lesotho,2020
2546,Lithuania,2020
2547,Luxembourg,2020
2548,Madagascar,2020
2549,Malaysia,2020
2550,Mali,2020
2551,Malta,2020
2552,Mauritania,2020
2553,Mauritius,2020
2554,Mexico,2020
2555,Moldova,2020
2556,Mongolia,2020
2557,Morocco,2020
2558,Namibia,2020
2559,Nepal,2020
2560,Netherlands,2020
2561,New Zealand,2020
2562,Nicaragua,2020
2563,Niger,2020
2564,North Macedonia,2020
2565,Norway,2020
2566,Oman,2020
2567,Pakistan,2020
2568,Panama,2020
2569,Paraguay,2020
2570,Peru,2020
2571,Philippines,2020
2572,Poland,2020
2573,Portugal,2020
2574,Romania,2020
2575,Russian Federation,2020
2576,Rwanda,2020
2577,Samoa,2020
2578,Saudi Arabia,2020
2579,Senegal,2020
2580,Serbia,2020
2581,Sierra Leone,2020
2582,Singapore,2020
2583,Slovak Republic,2020
2584,Slovenia,2020
2585,Solomon Islands,2020
2586,South Africa,2020
2587,Spain,2020
2588,Sri Lanka,2020
2589,Sudan,2020
2590,Sweden,2020
2591,Switzerland,2020
2592,Tajikistan,2020
2593,Tanzania,2020
2594,Thailand,2020
2595,Timor-Leste,2020
2596,Togo,2020
2597,Tonga,2020
2598,Tunisia,2020
2599,Turkiye,2020
2600,Uganda,2020
2601,Ukraine,2020
2602,United Kingdom,2020
2603,United States,2020
2604,Uruguay,2020
2605,Uzbekistan,2020
2606,Vanuatu,2020
2607,Viet Nam,2020
2608,Zambia,2020
2609,Zimbabwe,2020
2610,Albania,2021
2611,Algeria,2021
2612,Angola,2021
2613,Argentina,2021
2614,Armenia,2021
2615,Australia,2021
2616,Austria,2021
2617,Azerbaijan,2021
2618,"Bahamas, The",2021
2619,Bahrain,2021
2620,Bangladesh,2021
2621,Belarus,2021
2622,Belgium,2021
2623,Belize,2021
2624,Benin,2021
2625,Bhutan,2021
2626,Bolivia,2021
2627,Bosnia and Herzegovina,2021
2628,Botswana,2021
2629,Brazil,2021
2630,Brunei Darussalam,2021
2631,Bulgaria,2021
2632,Burkina Faso,2021
2633,Burundi,2021
2634,Cabo Verde,2021
2635,Cambodia,2021
2636,Cameroon,2021
2637,Canada,2021
2638,Chile,2021
2639,China,2021
2640,Colombia,2021
2641,Comoros,2021
2642,"Congo, Dem. Rep.",2021
2643,"Congo, Rep.",2021
2644,Costa Rica,2021
2645,Cote d'Ivoire,2021
2646,Croatia,2021
2647,Cyprus,2021
2648,Czechia,2021
2649,Denmark,2021
2650,Dominican Republic,2021
2651,Ecuador,2021
2652,"Egypt, Arab Rep.",2021
2653,El Salvador,2021
2654,Estonia,2021
2655,Eswatini,2021
2656,Ethiopia,2021
2657,Fiji,2021
2658,Finland,2021
2659,France,2021
2660,Gabon,2021
2661,"Gambia, The",2021
2662,Georgia,2021
2663,Germany,2021
2664,Ghana,2021
2665,Greece,2021
2666,Guatemala,2021
2667,Guinea,2021
2668,Guinea-Bissau,2021
2669,Haiti,2021
2670,Honduras,2021
2671,Hungary,2021
2672,Iceland,2021
2673,India,2021
2674,Indonesia,2021
2675,Iraq,2021
2676,Ireland,2021
2677,Israel,2021
2678,Italy,2021
2679,Jamaica,2021
2680,Japan,2021
2681,Jordan,2021
2682,Kazakhstan,2021
2683,Kenya,2021
2684,"Korea, Rep.",2021
2685,Kuwait,2021
2686,Kyrgyz Republic,2021
2687,Lao PDR,2021
2688,Latvia,2021
2689,Lebanon,2021
2690,Lesotho,2021
2691,Lithuania,2021
2692,Luxembourg,2021
2693,Madagascar,2021
2694,Malaysia,2021
2695,Mali,2021
2696,Malta,2021
2697,Mauritania,2021
2698,Mauritius,2021
2699,Mexico,2021
2700,Moldova,2021
2701,Mongolia,2021
2702,Morocco,2021
2703,Namibia,2021
2704,Nepal,2021
2705,Netherlands,2021
2706,New Zealand,2021
2707,Nicaragua,2021
2708,Niger,2021
2709,North Macedonia,2021
2710,Norway,2021
2711,Oman,2021
2712,Pakistan,2021
2713,Panama,2021
2714,Paraguay,2021
2715,Peru,2021
2716,Philippines,2021
2717,Poland,2021
2718,Portugal,2021
2719,Romania,2021
2720,Russian Federation,2021
2721,Rwanda,2021
2722,Samoa,2021
2723,Saudi Arabia,2021
2724,Senegal,2021
2725,Serbia,2021
2726,Sierra Leone,2021
2727,Singapore,2021
2728,Slovak Republic,2021
2729,Slovenia,2021
2730,Solomon Islands,2021
2731,South Africa,2021
2732,Spain,2021
2733,Sri Lanka,2021
2734,Sudan,2021
2735,Sweden,2021
2736,Switzerland,2021
2737,Tajikistan,2021
2738,Tanzania,2021
2739,Thailand,2021
2740,Timor-Leste,2021
2741,Togo,2021
2742,Tonga,2021
2743,Tunisia,2021
2744,Turkiye,2021
2745,Uganda,2021
2746,Ukraine,2021
2747,United Kingdom,2021
2748,United States,2021
2749,Uruguay,2021
2750,Uzbekistan,2021
2751,Vanuatu,2021
2752,Viet Nam,2021
2753,Zambia,2021
2754,Zimbabwe,2021
2755,Albania,2022
2756,Algeria,2022
2757,Angola,2022
2758,Argentina,2022
2759,Armenia,2022
2760,Australia,2022
2761,Austria,2022
2762,Azerbaijan,2022
2763,"Bahamas, The",2022
2764,Bahrain,2022
2765,Bangladesh,2022
2766,Belarus,2022
2767,Belgium,2022
2768,Belize,2022
2769,Benin,2022
2770,Bhutan,2022
2771,Bolivia,2022
2772,Bosnia and Herzegovina,2022
2773,Botswana,2022
2774,Brazil,2022
2775,Brunei Darussalam,2022
2776,Bulgaria,2022
2777,Burkina Faso,2022
2778,Burundi,2022
2779,Cabo Verde,2022
2780,Cambodia,2022
2781,Cameroon,2022
2782,Canada,2022
2783,Chile,2022
2784,China,2022
2785,Colombia,2022
2786,Comoros,2022
2787,"Congo, Dem. Rep.",2022
2788,"Congo, Rep.",2022
2789,Costa Rica,2022
2790,Cote d'Ivoire,2022
2791,Croatia,2022
2792,Cyprus,2022
2793,Czechia,2022
2794,Denmark,2022
2795,Dominican Republic,2022
2796,Ecuador,2022
2797,"Egypt, Arab Rep.",2022
2798,El Salvador,2022
2799,Estonia,2022
2800,Eswatini,2022
2801,Ethiopia,2022
2802,Fiji,2022
2803,Finland,2022
2804,France,2022
2805,Gabon,2022
2806,"Gambia, The",2022
2807,Georgia,2022
2808,Germany,2022
2809,Ghana,2022
2810,Greece,2022
2811,Guatemala,2022
2812,Guinea,2022
2813,Guinea-Bissau,2022
2814,Haiti,2022
2815,Honduras,2022
2816,Hungary,2022
2817,Iceland,2022
2818,India,2022
2819,Indonesia,2022
2820,Iraq,2022
2821,Ireland,2022
2822,Israel,2022
2823,Italy,2022
2824,Jamaica,2022
2825,Japan,2022
2826,Jordan,2022
2827,Kazakhstan,2022
2828,Kenya,2022
2829,"Korea, Rep.",2022
2830,Kuwait,2022
2831,Kyrgyz Republic,2022
2832,Lao PDR,2022
2833,Latvia,2022
2834,Lebanon,2022
2835,Lesotho,2022
2836,Lithuania,2022
2837,Luxembourg,2022
2838,Madagascar,2022
2839,Malaysia,2022
2840,Mali,2022
2841,Malta,2022
2842,Mauritania,2022
2843,Mauritius,2022
2844,Mexico,2022
2845,Moldova,2022
2846,Mongolia,2022
2847,Morocco,2022
2848,Namibia,2022
2849,Nepal,2022
2850,Netherlands,2022
2851,New Zealand,2022
2852,Nicaragua,2022
2853,Niger,2022
2854,North Macedonia,2022
2855,Norway,2022
2856,Oman,2022
2857,Pakistan,2022
2858,Panama,2022
2859,Paraguay,2022
2860,Peru,2022
2861,Philippines,2022
2862,Poland,2022
2863,Portugal,2022
2864,Romania,2022
2865,Russian Federation,2022
2866,Rwanda,2022
2867,Samoa,2022
2868,Saudi Arabia,2022
2869,Senegal,2022
2870,Serbia,2022
2871,Sierra Leone,2022
2872,Singapore,2022
2873,Slovak Republic,2022
2874,Slovenia,2022
2875,Solomon Islands,2022
2876,South Africa,2022
2877,Spain,2022
2878,Sri Lanka,2022
2879,Sudan,2022
2880,Sweden,2022
2881,Switzerland,2022
2882,Tajikistan,2022
2883,Tanzania,2022
2884,Thailand,2022
2885,Timor-Leste,2022
2886,Togo,2022
2887,Tonga,2022
2888,Tunisia,2022
2889,Turkiye,2022
2890,Uganda,2022
2891,Ukraine,2022
2892,United Kingdom,2022
2893,United States,2022
2894,Uruguay,2022
2895,Uzbekistan,2022
2896,Vanuatu,2022
2897,Viet Nam,2022
2898,Zambia,2022
2899,Zimbabwe,2022
