,Series Name,Series Code,Attribution
159,Final consumption expenditure (constant 2015 US$),NE.CON.TOTL.KD,-0.008606073888973458
244,Gross value added at basic prices (GVA) (constant 2015 US$),NY.GDP.FCST.KD,-0.006914998968003546
169,"Foreign direct investment, net (BoP, current US$)",BN.KLT.DINV.CD,-0.00690640938922849
135,"Employment to population ratio, ages 15-24, female (%) (modeled ILO estimate)",SL.EMP.1524.SP.FE.ZS,-0.0068861043918780765
160,Final consumption expenditure (current LCU),NE.CON.TOTL.CN,-0.006416394765420741
623,"Total reserves (includes gold, current US$)",FI.RES.TOTL.CD,-0.006326870416631496
250,Households and NPISHs Final consumption expenditure (constant 2015 US$),NE.CON.PRVT.KD,-0.006187528480637448
264,"Immunization, measles (% of children ages 12-23 months)",SH.IMM.MEAS,-0.00618658286293878
648,Voice and Accountability: Estimate,VA.EST,-0.006159951393901401
57,"Armed forces personnel, total",MS.MIL.TOTL.P1,-0.006146025131399602
721,"Immunization, measles second dose (% of children by the nationally recommended age)",SH.IMM.MEA2,-0.005995121293388367
577,"School enrollment, tertiary (% gross)",SE.TER.ENRR,-0.005956481757550484
93,Control of Corruption: Number of Sources,CC.NO.SRC,-0.005956022166441858
5,"Access to electricity, urban (% of urban population)",EG.ELC.ACCS.UR.ZS,-0.0058184530014520845
241,Gross national expenditure (current US$),NE.DAB.TOTL.CD,-0.005784668138727842
715,"Age population, age 25, female, interpolated",SP.POP.AG25.FE.IN,-0.005726159007740645
26,Adjusted savings: particulate emission damage (current US$),NY.ADJ.DPEM.CD,-0.005512581865673549
307,"Labor force, female (% of total labor force)",SL.TLF.TOTL.FE.ZS,-0.005505178075322903
643,"Unemployment, youth male (% of male labor force ages 15-24) (modeled ILO estimate)",SL.UEM.1524.MA.ZS,-0.005496870836803734
218,Government Effectiveness: Estimate,GE.EST,-0.0054312572086679806
506,"Population, male (% of total population)",SP.POP.TOTL.MA.ZS,-0.005385111197073082
729,"Number of deaths ages 10-14 years, male",SH.DTH.1014.MA,-0.005275489229116019
355,Methane emissions (kt of CO2 equivalent),EN.ATM.METH.KT.CE,-0.005182919186650513
341,Merchandise exports to low- and middle-income economies outside region (% of total merchandise exports),TX.VAL.MRCH.OR.ZS,-0.005087869157087792
452,"Population ages 0-14, female (% of female population)",SP.POP.0014.FE.ZS,-0.0050335190321762575
249,Households and NPISHs Final consumption expenditure (annual % growth),NE.CON.PRVT.KD.ZG,-0.005019032226668372
367,"Mortality from CVD, cancer, diabetes or CRD between exact ages 30 and 70, male (%)",SH.DYN.NCOM.MA.ZS,-0.005007730846550596
560,Rule of Law: Standard Error,RL.STD.ERR,-0.004981210056781291
259,ICT goods imports (% total goods imports),TM.VAL.ICTG.ZS.UN,-0.004975646416953505
317,Livestock production index (2014-2016 = 100),AG.PRD.LVSK.XD,-0.004867278043092626
64,Cereal production (metric tons),AG.PRD.CREL.MT,-0.0048353659194829
600,"Start-up procedures to register a business, male (number)",IC.REG.PROC.MA,-0.004768732616914932
310,Land area (sq. km),AG.LND.TOTL.K2,-0.004755995798855771
7,Adjusted net national income per capita (current US$),NY.ADJ.NNTY.PC.CD,-0.004729483589742857
96,"Control of Corruption: Percentile Rank, Upper Bound of 90% Confidence Interval",CC.PER.RNK.UPPER,-0.0047111692364208944
595,"Services, value added (current US$)",NV.SRV.TOTL.CD,-0.004653841246899245
76,CO2 emissions from liquid fuel consumption (kt),EN.ATM.CO2E.LF.KT,-0.004636102819982213
356,Methane emissions in energy sector (thousand metric tons of CO2 equivalent),EN.ATM.METH.EG.KT.CE,-0.004603190255153558
575,"School enrollment, secondary, female (% gross)",SE.SEC.ENRR.FE,-0.0044737075906739355
288,Insurance and financial services (% of commercial service imports),TM.VAL.INSF.ZS.WT,-0.004431463466070388
653,Voice and Accountability: Standard Error,VA.STD.ERR,-0.004389286581456722
579,"School enrollment, tertiary, male (% gross)",SE.TER.ENRR.MA,-0.004366587237365857
583,"Secondary income receipts (BoP, current US$)",BX.TRF.CURR.CD,-0.0043390838678994135
256,"Households and NPISHs Final consumption expenditure, PPP (current international $)",NE.CON.PRVT.PP.CD,-0.004330975985926064
83,"Communications, computer, etc. (% of service exports, BoP)",BX.GSR.CMCP.ZS,-0.004310914140679628
593,"Services, value added (constant LCU)",NV.SRV.TOTL.KN,-0.004310174688354239
642,"Unemployment, youth female (% of female labor force ages 15-24) (modeled ILO estimate)",SL.UEM.1524.FE.ZS,-0.0043092607504316574
44,"Air transport, freight (million ton-km)",IS.AIR.GOOD.MT.K1,-0.0042669032495151445
80,"Commercial bank branches (per 100,000 adults)",FB.CBK.BRCH.P5,-0.004260657386727753
81,Commercial service exports (current US$),TX.VAL.SERV.CD.WT,-0.004255210891443485
573,"School enrollment, secondary (% gross)",SE.SEC.ENRR,-0.004209706345139814
84,"Communications, computer, etc. (% of service imports, BoP)",BM.GSR.CMCP.ZS,-0.004205268326838
728,"Number of deaths ages 10-14 years, female",SH.DTH.1014.FE,-0.004142190916784028
174,Forest area (% of land area),AG.LND.FRST.ZS,-0.004137165994474458
170,"Foreign direct investment, net inflows (% of GDP)",BX.KLT.DINV.WD.GD.ZS,-0.004115436348313141
439,"Personal remittances, received (% of GDP)",BX.TRF.PWKR.DT.GD.ZS,-0.004092024242190224
569,"School enrollment, primary and secondary (gross), gender parity index (GPI)",SE.ENR.PRSC.FM.ZS,-0.0039819790003914135
523,"Primary education, duration (years)",SE.PRM.DURS,-0.003979145166148052
120,"Employers, female (% of female employment) (modeled ILO estimate)",SL.EMP.MPYR.FE.ZS,-0.003959400881606889
663,"Age dependency ratio, old",SP.POP.DPND.OL,-0.00394399579464079
11,Adjusted savings: carbon dioxide damage (current US$),NY.ADJ.DCO2.CD,-0.003923975303079021
217,"Goods imports (BoP, current US$)",BM.GSR.MRCH.CD,-0.003900850528852452
67,"Claims on central government, etc. (% GDP)",FS.AST.CGOV.GD.ZS,-0.003873695196381869
603,"Suicide mortality rate, female (per 100,000 female population)",SH.STA.SUIC.FE.P5,-0.00378857289760403
50,"Annual freshwater withdrawals, total (% of internal resources)",ER.H2O.FWTL.ZS,-0.003760203056915736
292,"International tourism, expenditures (current US$)",ST.INT.XPND.CD,-0.0037167852852007526
210,"GNI per capita, PPP (constant 2017 international $)",NY.GNP.PCAP.PP.KD,-0.003702340116438306
270,"Imports of goods and services (BoP, current US$)",BM.GSR.GNFS.CD,-0.003689104030448504
316,Lifetime risk of maternal death (1 in: rate varies by country),SH.MMR.RISK,-0.0036800304285669926
59,Bank liquid reserves to bank assets ratio (%),FD.RES.LIQU.AS.ZS,-0.0036788810280710808
662,Women's share of population ages 15+ living with HIV (%),SH.DYN.AIDS.FE.ZS,-0.003631095586787445
613,Time required to enforce a contract (days),IC.LGL.DURS,-0.0036249678494664596
374,"Mortality rate, infant, female (per 1,000 live births)",SP.DYN.IMRT.FE.IN,-0.003621162459406408
657,"Wage and salaried workers, female (% of female employment) (modeled ILO estimate)",SL.EMP.WORK.FE.ZS,-0.0036051903203089624
154,"External health expenditure per capita, PPP (current international $)",SH.XPD.EHEX.PP.CD,-0.003600932312664399
100,"Cost of business start-up procedures, male (% of GNI per capita)",IC.REG.COST.PC.MA.ZS,-0.0035935897934891397
409,Nitrous oxide emissions (thousand metric tons of CO2 equivalent),EN.ATM.NOXE.KT.CE,-0.0035598939358285095
231,Gross domestic savings (% of GDP),NY.GDS.TOTL.ZS,-0.0035337687250994562
216,"Goods exports (BoP, current US$)",BX.GSR.MRCH.CD,-0.003516193898980218
725,"Mortality rate, under-5 (per 1,000)",SH.DYN.MORT,-0.0034325712537590747
713,"Age population, age 24, female, interpolated",SP.POP.AG24.FE.IN,-0.0034305168863744636
411,Number of deaths ages 10-14 years,SH.DTH.1014,-0.003334531556198563
36,Agricultural raw materials imports (% of merchandise imports),TM.VAL.AGRI.ZS.UN,-0.0032400056076921156
207,GNI per capita (current LCU),NY.GNP.PCAP.CN,-0.0032280805548334734
420,Oil rents (% of GDP),NY.GDP.PETR.RT.ZS,-0.0032266308311265056
441,"Personal transfers, receipts (BoP, current US$)",BX.TRF.PWKR.CD,-0.003211550724109164
745,"Population ages 00-04, female",SP.POP.0004.FE,-0.0032092515227043748
609,Taxes less subsidies on products (constant LCU),NY.TAX.NIND.KN,-0.0031928547007304083
571,"School enrollment, primary, male (% gross)",SE.PRM.ENRR.MA,-0.0031828785128344608
53,Arable land (% of land area),AG.LND.ARBL.ZS,-0.0031810708501691706
454,"Population ages 0-14, male (% of male population)",SP.POP.0014.MA.ZS,-0.0031509436198243475
475,"Population ages 35-39, male (% of male population)",SP.POP.3539.MA.5Y,-0.0031497965084458274
33,Agricultural methane emissions (thousand metric tons of CO2 equivalent),EN.ATM.METH.AG.KT.CE,-0.0031377538386062284
540,Public credit registry coverage (% of adults),IC.CRD.PUBL.ZS,-0.0031248149795482165
436,People using safely managed sanitation services (% of population),SH.STA.SMSS.ZS,-0.0030807915929281053
127,"Employment in industry, female (% of female employment) (modeled ILO estimate)",SL.IND.EMPL.FE.ZS,-0.003078422663396517
605,Surface area (sq. km),AG.SRF.TOTL.K2,-0.0030350481281557146
572,"School enrollment, primary, private (% of total primary)",SE.PRM.PRIV.ZS,-0.003003944757473012
51,"Annual freshwater withdrawals, total (billion cubic meters)",ER.H2O.FWTL.K3,-0.0029989152655528818
641,"Unemployment, total (% of total labor force) (modeled ILO estimate)",SL.UEM.TOTL.ZS,-0.002978757774872603
247,Gross value added at basic prices (GVA) (current US$),NY.GDP.FCST.CD,-0.002932715346974163
353,Merchandise imports from low- and middle-income economies outside region (% of total merchandise imports),TM.VAL.MRCH.OR.ZS,-0.0029177511107438777
401,"Net primary income (BoP, current US$)",BN.GSR.FCTY.CD,-0.0029104046672226574
418,Number of under-five deaths,SH.DTH.MORT,-0.0029035985174368927
557,Rule of Law: Percentile Rank,RL.PER.RNK,-0.0028812225540147283
66,"Charges for the use of intellectual property, payments (BoP, current US$)",BM.GSR.ROYL.CD,-0.0028730896752709113
61,Broad money (% of GDP),FM.LBL.BMNY.GD.ZS,-0.002832697731292588
553,"Renewable internal freshwater resources, total (billion cubic meters)",ER.H2O.INTR.K3,-0.002825325353758514
387,"Net bilateral aid flows from DAC donors, Total (current US$)",DC.DAC.TOTL.CD,-0.0028194034723370127
262,"Immunization, DPT (% of children ages 12-23 months)",SH.IMM.IDPT,-0.002812953637096648
664,"Age dependency ratio, young",SP.POP.DPND.YG,-0.002793550968866487
254,Households and NPISHs Final consumption expenditure per capita growth (annual %),NE.CON.PRVT.PC.KD.ZG,-0.0027709964032590377
675,"Age population, age 05, female, interpolated",SP.POP.AG05.FE.IN,-0.0027707255052289753
602,"Suicide mortality rate (per 100,000 population)",SH.STA.SUIC.P5,-0.002761677982340833
533,"Probability of dying among adolescents ages 15-19 years (per 1,000)",SH.DYN.1519,-0.0027567457178977544
666,"Age population, age 00, male, interpolated",SP.POP.AG00.MA.IN,-0.002741987439944749
304,"Labor force participation rate, male (% of male population ages 15-64) (modeled ILO estimate)",SL.TLF.ACTI.MA.ZS,-0.002726567233078169
237,Gross fixed capital formation (current US$),NE.GDI.FTOT.CD,-0.002720802469122682
587,"Self-employed, total (% of total employment) (modeled ILO estimate)",SL.EMP.SELF.ZS,-0.00271602836829309
172,"Foreign direct investment, net outflows (% of GDP)",BM.KLT.DINV.WD.GD.ZS,-0.0026925290582547213
636,"Travel services (% of service imports, BoP)",BM.GSR.TRVL.ZS,-0.002688207414987547
581,"Secondary education, duration (years)",SE.SEC.DURS,-0.0026642497462890055
378,"Mortality rate, under-5, female (per 1,000 live births)",SH.DYN.MORT.FE,-0.0026421982919517077
22,Adjusted savings: net forest depletion (% of GNI),NY.ADJ.DFOR.GN.ZS,-0.0026299478652422365
567,"School enrollment, primary (% gross)",SE.PRM.ENRR,-0.00261790917733093
492,"Population ages 65-69, female (% of female population)",SP.POP.6569.FE.5Y,-0.002574490233289325
111,Domestic credit to private sector by banks (% of GDP),FD.AST.PRVT.GD.ZS,-0.002568310702300931
625,Total reserves minus gold (current US$),FI.RES.XGLD.CD,-0.002548494894251168
634,Travel services (% of commercial service imports),TM.VAL.TRVL.ZS.WT,-0.0025268928414834543
635,"Travel services (% of service exports, BoP)",BX.GSR.TRVL.ZS,-0.0025178232302923557
4,"Access to electricity, rural (% of rural population)",EG.ELC.ACCS.RU.ZS,-0.0025092029680579718
77,CO2 emissions from solid fuel consumption (% of total),EN.ATM.CO2E.SF.ZS,-0.00249948390799204
2,"Access to clean fuels and technologies for cooking, urban (% of urban population)",EG.CFT.ACCS.UR.ZS,-0.0024943011635569765
472,"Population ages 30-34, female (% of female population)",SP.POP.3034.FE.5Y,-0.002435802882786267
246,Gross value added at basic prices (GVA) (current LCU),NY.GDP.FCST.CN,-0.0024092520449187126
361,Mobile cellular subscriptions,IT.CEL.SETS,-0.0024050352463401655
607,"Survival to age 65, male (% of cohort)",SP.DYN.TO65.MA.ZS,-0.002392603239834404
471,"Population ages 25-29, male (% of male population)",SP.POP.2529.MA.5Y,-0.002378233696371765
545,Regulatory Quality: Number of Sources,RQ.NO.SRC,-0.0023667428795272655
464,"Population ages 15-64, female (% of female population)",SP.POP.1564.FE.ZS,-0.002347494875451599
442,Political Stability and Absence of Violence/Terrorism: Estimate,PV.EST,-0.002334609810024607
617,"Time required to start a business, male (days)",IC.REG.DURS.MA,-0.002308501118964314
39,"Agriculture, forestry, and fishing, value added (constant 2015 US$)",NV.AGR.TOTL.KD,-0.0022977337429559
388,"Net bilateral aid flows from DAC donors, United States (current US$)",DC.DAC.USAL.CD,-0.002289749416967764
466,"Population ages 15-64, male (% of male population)",SP.POP.1564.MA.ZS,-0.002287785175850026
615,Time required to start a business (days),IC.REG.DURS,-0.0022865484876600484
415,Number of infant deaths,SH.DTH.IMRT,-0.0022664713450216683
654,"Vulnerable employment, female (% of female employment) (modeled ILO estimate)",SL.EMP.VULN.FE.ZS,-0.002260936684406188
568,"School enrollment, primary (gross), gender parity index (GPI)",SE.ENR.PRIM.FM.ZS,-0.0022527392117345077
457,"Population ages 05-09, male (% of male population)",SP.POP.0509.MA.5Y,-0.0022459408114260068
285,"Inflation, GDP deflator (annual %)",NY.GDP.DEFL.KD.ZG,-0.0022392251225763797
58,"Automated teller machines (ATMs) (per 100,000 adults)",FB.ATM.TOTL.P5,-0.002233306839649509
65,Cereal yield (kg per hectare),AG.YLD.CREL.KG,-0.002231197731085755
786,"Probability of dying among adolescents ages 10-19 years (per 1,000)",SH.DYN.1019,-0.002224353520079409
330,Merchandise exports (current US$),TX.VAL.MRCH.CD.WT,-0.0022215148536460345
444,Political Stability and Absence of Violence/Terrorism: Percentile Rank,PV.PER.RNK,-0.0022198011273470448
611,Taxes less subsidies on products (current US$),NY.TAX.NIND.CD,-0.0022155981302513605
711,"Age population, age 23, female, interpolated",SP.POP.AG23.FE.IN,-0.0021970285223499005
443,Political Stability and Absence of Violence/Terrorism: Number of Sources,PV.NO.SRC,-0.0021887781807507353
99,"Cost of business start-up procedures, female (% of GNI per capita)",IC.REG.COST.PC.FE.ZS,-0.0021768150264489567
768,"Population ages 55-59, female",SP.POP.5559.FE,-0.002129553084543207
63,Capture fisheries production (metric tons),ER.FSH.CAPT.MT,-0.002105473669174911
591,"Services, value added (annual % growth)",NV.SRV.TOTL.KD.ZG,-0.0020954427550134453
564,"School enrollment, preprimary (% gross)",SE.PRE.ENRR,-0.0020915225482139926
129,Employment in services (% of total employment) (modeled ILO estimate),SL.SRV.EMPL.ZS,-0.0020777310903573893
627,Trade (% of GDP),NE.TRD.GNFS.ZS,-0.002069281158982454
488,"Population ages 65 and above, female (% of female population)",SP.POP.65UP.FE.ZS,-0.002065583587608912
474,"Population ages 35-39, female (% of female population)",SP.POP.3539.FE.5Y,-0.0020611585078418875
694,"Age population, age 14, male, interpolated",SP.POP.AG14.MA.IN,-0.002043238610978412
261,"ICT service exports (BoP, current US$)",BX.GSR.CCIS.CD,-0.0020046202381728074
153,External health expenditure per capita (current US$),SH.XPD.EHEX.PC.CD,-0.001998190858242871
35,Agricultural raw materials exports (% of merchandise exports),TX.VAL.AGRI.ZS.UN,-0.0019796596056649756
173,"Foreign direct investment, net outflows (BoP, current US$)",BM.KLT.DINV.CD.WD,-0.0019477857519074055
520,"Primary completion rate, female (% of relevant age group)",SE.PRM.CMPT.FE.ZS,-0.001943872852368163
3,Access to electricity (% of population),EG.ELC.ACCS.ZS,-0.0019393292915941035
697,"Age population, age 16, female, interpolated",SP.POP.AG16.FE.IN,-0.001936704370254052
396,Net official development assistance and official aid received (constant 2020 US$),DT.ODA.ALLD.KD,-0.0019304614521827082
556,Rule of Law: Number of Sources,RL.NO.SRC,-0.0019273350922147602
585,"Self-employed, female (% of female employment) (modeled ILO estimate)",SL.EMP.SELF.FE.ZS,-0.0019140640812028654
551,Renewable energy consumption (% of total final energy consumption),EG.FEC.RNEW.ZS,-0.0019052829032969682
570,"School enrollment, primary, female (% gross)",SE.PRM.ENRR.FE,-0.0019006069177505023
413,Number of deaths ages 20-24 years,SH.DTH.2024,-0.0018946287081939787
467,"Population ages 15-64, total",SP.POP.1564.TO,-0.0018916508355639001
397,Net official development assistance and official aid received (current US$),DT.ODA.ALLD.CD,-0.001891188856384782
630,Transport services (% of commercial service imports),TM.VAL.TRAN.ZS.WT,-0.0018855679574062332
75,CO2 emissions from liquid fuel consumption (% of total),EN.ATM.CO2E.LF.ZS,-0.001885411536487513
52,Aquaculture production (metric tons),ER.FSH.AQUA.MT,-0.001885093057892695
649,Voice and Accountability: Number of Sources,VA.NO.SRC,-0.0018811109575261012
658,"Wage and salaried workers, male (% of male employment) (modeled ILO estimate)",SL.EMP.WORK.MA.ZS,-0.001858170708000648
770,"Population ages 60-64, female",SP.POP.6064.FE,-0.001834468453334298
559,"Rule of Law: Percentile Rank, Upper Bound of 90% Confidence Interval",RL.PER.RNK.UPPER,-0.0018307252187793064
671,"Age population, age 03, female, interpolated",SP.POP.AG03.FE.IN,-0.0018294477003245285
43,"Agriculture, forestry, and fishing, value added per worker (constant 2015 US$)",NV.AGR.EMPL.KD,-0.001819812842941749
647,Urban population growth (annual %),SP.URB.GROW,-0.0017613039002504504
114,Domestic general government health expenditure (% of general government expenditure),SH.XPD.GHED.GE.ZS,-0.0017433728583961274
342,Merchandise imports (current US$),TM.VAL.MRCH.CD.WT,-0.0017198928943081766
42,"Agriculture, forestry, and fishing, value added (current US$)",NV.AGR.TOTL.CD,-0.0017001008320235809
28,Age dependency ratio (% of working-age population),SP.POP.DPND,-0.0016877944664271142
542,Refugee population by country or territory of asylum,SM.POP.REFG,-0.0016859226833822215
125,"Employment in agriculture, male (% of male employment) (modeled ILO estimate)",SL.AGR.EMPL.MA.ZS,-0.0016802937560781582
655,"Vulnerable employment, male (% of male employment) (modeled ILO estimate)",SL.EMP.VULN.MA.ZS,-0.00166516899946926
561,Rural population,SP.RUR.TOTL,-0.0016416431358492888
197,General government final consumption expenditure (% of GDP),NE.CON.GOVT.ZS,-0.0016374876538686911
461,"Population ages 15-19, male (% of male population)",SP.POP.1519.MA.5Y,-0.0016171592864673266
566,"School enrollment, preprimary, male (% gross)",SE.PRE.ENRR.MA,-0.0016092938204046781
618,Time to prepare and pay taxes (hours),IC.TAX.DURS,-0.0016045443737757526
45,"Air transport, passengers carried",IS.AIR.PSGR,-0.0015985927962314417
328,"Manufacturing, value added (current US$)",NV.IND.MANF.CD,-0.0015835340888896452
74,CO2 emissions from gaseous fuel consumption (kt),EN.ATM.CO2E.GF.KT,-0.0015590193001954941
312,"Life expectancy at birth, female (years)",SP.DYN.LE00.FE.IN,-0.0015534924722787919
646,Urban population (% of total population),SP.URB.TOTL.IN.ZS,-0.0015472856969544091
626,Total tax and contribution rate (% of profit),IC.TAX.TOTL.CP.ZS,-0.0015460765269460636
9,"Adjusted net savings, including particulate emission damage (% of GNI)",NY.ADJ.SVNG.GN.ZS,-0.0015338661906576132
291,"International tourism, expenditures (% of total imports)",ST.INT.XPND.MP.ZS,-0.0015285393225866182
462,Population ages 15-64 (% of total population),SP.POP.1564.TO.ZS,-0.001508872756017017
287,Insurance and financial services (% of commercial service exports),TX.VAL.INSF.ZS.WT,-0.001501847813442346
565,"School enrollment, preprimary, female (% gross)",SE.PRE.ENRR.FE,-0.0014956750681643083
437,Permanent cropland (% of land area),AG.LND.CROP.ZS,-0.0014856463173249066
727,"Mortality rate, under-5, male (per 1,000)",SH.DYN.MORT.MA,-0.0014833198431140593
412,Number of deaths ages 15-19 years,SH.DTH.1519,-0.0014611828629972244
205,GNI growth (annual %),NY.GNP.MKTP.KD.ZG,-0.0014589523635212477
759,"Population ages 30-34, male",SP.POP.3034.MA,-0.0014539275488804307
47,"Annual freshwater withdrawals, agriculture (% of total freshwater withdrawal)",ER.H2O.FWAG.ZS,-0.0014399119292500765
440,"Personal remittances, received (current US$)",BX.TRF.PWKR.CD.DT,-0.001433125472654968
62,Business extent of disclosure index (0=less disclosure to 10=more disclosure),IC.BUS.DISC.XQ,-0.0014300818580629618
78,CO2 emissions from solid fuel consumption (kt),EN.ATM.CO2E.SF.KT,-0.0014280655731374189
56,Armed forces personnel (% of total labor force),MS.MIL.TOTL.TF.ZS,-0.0014231193773212795
699,"Age population, age 17, female, interpolated",SP.POP.AG17.FE.IN,-0.001354816509294583
797,Treatment for hypertension (% of adults ages 30-79 with hypertension),SH.HTN.TRET.ZS,-0.0013482454645585723
301,"Labor force participation rate, female (% of female population ages 15+) (modeled ILO estimate)",SL.TLF.CACT.FE.ZS,-0.001342769723959739
392,Net foreign assets (current LCU),FM.AST.NFRG.CN,-0.0013269855486626892
468,"Population ages 20-24, female (% of female population)",SP.POP.2024.FE.5Y,-0.0013102422342492089
136,"Employment to population ratio, ages 15-24, male (%) (modeled ILO estimate)",SL.EMP.1524.SP.MA.ZS,-0.0013097963333659028
660,"Water productivity, total (constant 2015 US$ GDP per cubic meter of total freshwater withdrawal)",ER.GDP.FWTL.M3.KD,-0.0013064911206142266
631,"Transport services (% of service exports, BoP)",BX.GSR.TRAN.ZS,-0.0012940792810379601
624,Total reserves in months of imports,FI.RES.TOTL.MO,-0.0012738651770159359
296,"International tourism, receipts (current US$)",ST.INT.RCPT.CD,-0.0012616255959694322
385,"Net bilateral aid flows from DAC donors, Germany (current US$)",DC.DAC.DEUL.CD,-0.001237221171558816
119,"Domestic private health expenditure per capita, PPP (current international $)",SH.XPD.PVTD.PP.CD,-0.0012334871272799003
588,"Service exports (BoP, current US$)",BX.GSR.NFSV.CD,-0.001229762997342271
755,"Population ages 20-24, male",SP.POP.2024.MA,-0.0012218748102321572
799,"Treatment for hypertension, male (% of male adults ages 30-79 with hypertension)",SH.HTN.TRET.MA.ZS,-0.00121844320820252
769,"Population ages 55-59, male",SP.POP.5559.MA,-0.0012146445218116633
767,"Population ages 50-54, male",SP.POP.5054.MA,-0.0012103843383438307
339,Merchandise exports to low- and middle-income economies in South Asia (% of total merchandise exports),TX.VAL.MRCH.R5.ZS,-0.0012003965691402471
720,"Immunization, Pol3 (% of one-year-old children)",SH.IMM.POL3,-0.001190540372943065
650,Voice and Accountability: Percentile Rank,VA.PER.RNK,-0.0011809847306183733
589,"Service imports (BoP, current US$)",BM.GSR.NFSV.CD,-0.0011785466831533066
13,Adjusted savings: consumption of fixed capital (current US$),NY.ADJ.DKAP.CD,-0.0011714239135123328
507,"Population, total",SP.POP.TOTL,-0.0011682302741060802
332,"Merchandise exports by the reporting economy, residual (% of total merchandise exports)",TX.VAL.MRCH.RS.ZS,-0.001154238927532884
752,"Population ages 15-19, female",SP.POP.1519.FE,-0.0011522274233141878
46,"Air transport, registered carrier departures worldwide",IS.AIR.DPRT,-0.001139097015826278
38,"Agriculture, forestry, and fishing, value added (annual % growth)",NV.AGR.TOTL.KD.ZG,-0.0011363640266109636
386,"Net bilateral aid flows from DAC donors, Japan (current US$)",DC.DAC.JPNL.CD,-0.0011320632302422079
201,General government final consumption expenditure (current US$),NE.CON.GOVT.CD,-0.0011317736962911198
40,"Agriculture, forestry, and fishing, value added (constant LCU)",NV.AGR.TOTL.KN,-0.0011124308200982096
712,"Age population, age 23, male, interpolated",SP.POP.AG23.MA.IN,-0.0010966894909841547
235,Gross fixed capital formation (annual % growth),NE.GDI.FTOT.KD.ZG,-0.0010955717897227816
400,"Net official flows from UN agencies, UNDP (current US$)",DT.NFL.UNDP.CD,-0.001092259989133075
616,"Time required to start a business, female (days)",IC.REG.DURS.FE,-0.0010904268222860195
549,Regulatory Quality: Standard Error,RQ.STD.ERR,-0.0010841086587954352
614,Time required to register property (days),IC.PRP.DURS,-0.0010744444582690804
558,"Rule of Law: Percentile Rank, Lower Bound of 90% Confidence Interval",RL.PER.RNK.LOWER,-0.0010652794526994044
234,Gross fixed capital formation (% of GDP),NE.GDI.FTOT.ZS,-0.0010474168599359933
537,Procedures to register property (number),IC.PRP.PROC,-0.001014477767043153
504,"Population, female (% of total population)",SP.POP.TOTL.FE.ZS,-0.0010113289249415924
516,"Prevalence of overweight (modeled estimate, % of children under 5)",SH.STA.OWGH.ME.ZS,-0.001004529827535939
656,"Vulnerable employment, total (% of total employment) (modeled ILO estimate)",SL.EMP.VULN.ZS,-0.0009957378592167384
37,"Agriculture, forestry, and fishing, value added (% of GDP)",NV.AGR.TOTL.ZS,-0.0009867071106462236
456,"Population ages 05-09, female (% of female population)",SP.POP.0509.FE.5Y,-0.0009757246280842709
757,"Population ages 25-29, male",SP.POP.2529.MA,-0.0009549554281265921
802,"Unemployment, male (% of male labor force)",SL.UEM.TOTL.MA.ZS,-0.00095199942464041
333,Merchandise exports to economies in the Arab World (% of total merchandise exports),TX.VAL.MRCH.AL.ZS,-0.0009485112566850584
538,Profit tax (% of commercial profits),IC.TAX.PRFT.CP.ZS,-0.0009393679493880728
327,"Manufacturing, value added (current LCU)",NV.IND.MANF.CN,-0.0009296710193493253
640,"Unemployment, male (% of male labor force) (modeled ILO estimate)",SL.UEM.TOTL.MA.ZS,-0.0009276006722504788
691,"Age population, age 13, female, interpolated",SP.POP.AG13.FE.IN,-0.0009246632940752117
106,"Current health expenditure per capita, PPP (current international $)",SH.XPD.CHEX.PP.CD,-0.000913844331529711
340,Merchandise exports to low- and middle-income economies in Sub-Saharan Africa (% of total merchandise exports),TX.VAL.MRCH.R6.ZS,-0.0009052952443043794
23,Adjusted savings: net forest depletion (current US$),NY.ADJ.DFOR.CD,-0.0009028116907913898
612,Time required to build a warehouse (days),IC.WRH.DURS,-0.0009000619621560863
284,"Inflation, consumer prices (annual %)",FP.CPI.TOTL.ZG,-0.0008952441344148026
426,"Out-of-pocket expenditure per capita, PPP (current international $)",SH.XPD.OOPC.PP.CD,-0.0008935826315557361
619,Time to resolve insolvency (years),IC.ISV.DURS,-0.0008821838157950366
446,"Political Stability and Absence of Violence/Terrorism: Percentile Rank, Upper Bound of 90% Confidence Interval",PV.PER.RNK.UPPER,-0.0008618071262279302
586,"Self-employed, male (% of male employment) (modeled ILO estimate)",SL.EMP.SELF.MA.ZS,-0.0008579368242670462
760,"Population ages 35-39, female",SP.POP.3539.FE,-0.0008482097123077248
224,"Government expenditure on education, total (% of GDP)",SE.XPD.TOTL.GD.ZS,-0.0008206513551871088
338,Merchandise exports to low- and middle-income economies in Middle East & North Africa (% of total merchandise exports),TX.VAL.MRCH.R4.ZS,-0.0008177322912752367
463,"Population ages 15-64, female",SP.POP.1564.FE.IN,-0.000814637538037273
267,Import volume index (2015 = 100),TM.QTY.MRCH.XD.WD,-0.0008003583931989914
404,"Net secondary income (BoP, current US$)",BN.TRF.CURR.CD,-0.0007835009422999206
180,GDP (constant LCU),NY.GDP.MKTP.KN,-0.0007781160986524591
473,"Population ages 30-34, male (% of male population)",SP.POP.3034.MA.5Y,-0.0007766140125525798
450,Population ages 0-14 (% of total population),SP.POP.0014.TO.ZS,-0.0007619731297204489
698,"Age population, age 16, male, interpolated",SP.POP.AG16.MA.IN,-0.0007568024316779617
792,"Probability of dying among children ages 5-9 years, male (per 1,000)",SH.DYN.0509.MA,-0.0007459176392490537
518,Prevalence of undernourishment (% of population),SN.ITK.DEFC.ZS,-0.0007407697268977245
384,"Net bilateral aid flows from DAC donors, France (current US$)",DC.DAC.FRAL.CD,-0.0007297807567843482
435,"People using at least basic sanitation services, urban (% of urban population)",SH.STA.BASS.UR.ZS,-0.0007226024303240362
425,Out-of-pocket expenditure per capita (current US$),SH.XPD.OOPC.PC.CD,-0.0007193887420620368
6,Adjusted net national income (current US$),NY.ADJ.NNTY.CD,-0.0007064879717498594
113,Domestic general government health expenditure (% of GDP),SH.XPD.GHED.GD.ZS,-0.0006977313949782553
266,Import value index (2015 = 100),TM.VAL.MRCH.XD.WD,-0.0006883510349332507
263,"Immunization, HepB3 (% of one-year-old children)",SH.IMM.HEPB,-0.0006843501933585857
458,"Population ages 10-14, female (% of female population)",SP.POP.1014.FE.5Y,-0.000679824592103708
395,Net ODA received per capita (current US$),DT.ODA.ODAT.PC.ZS,-0.0006791826149185677
555,Rule of Law: Estimate,RL.EST,-0.00065378979117707
204,GNI (current US$),NY.GNP.MKTP.CD,-0.0006532626298913605
726,"Mortality rate, under-5, female (per 1,000)",SH.DYN.MORT.FE,-0.0006493684075950229
803,"Unemployment, total (% of total labor force)",SL.UEM.TOTL.ZS,-0.0006420543057136927
211,"GNI per capita, PPP (current international $)",NY.GNP.PCAP.PP.CD,-0.0006014023898555331
370,"Mortality rate attributed to unintentional poisoning, male (per 100,000 male population)",SH.STA.POIS.P5.MA,-0.0005944911643006919
535,"Probability of dying among youth ages 20-24 years (per 1,000)",SH.DYN.2024,-0.0005902300210206224
238,Gross national expenditure (% of GDP),NE.DAB.TOTL.ZS,-0.0005859564679744406
493,"Population ages 65-69, male (% of male population)",SP.POP.6569.MA.5Y,-0.0005844534876086538
487,"Population ages 65 and above, female",SP.POP.65UP.FE.IN,-0.0005803487165703313
95,"Control of Corruption: Percentile Rank, Lower Bound of 90% Confidence Interval",CC.PER.RNK.LOWER,-0.0005775616403976784
206,GNI per capita (constant 2015 US$),NY.GNP.PCAP.KD,-0.0005772525977357771
578,"School enrollment, tertiary (gross), gender parity index (GPI)",SE.ENR.TERT.FM.ZS,-0.0005762843039324529
495,"Population ages 70-74, male (% of male population)",SP.POP.7074.MA.5Y,-0.000528927278366571
476,"Population ages 40-44, female (% of female population)",SP.POP.4044.FE.5Y,-0.0005260919912255228
368,"Mortality rate attributed to unintentional poisoning (per 100,000 population)",SH.STA.POIS.P5,-0.0005239357966994049
186,GDP per capita (constant 2015 US$),NY.GDP.PCAP.KD,-0.0005144393478346598
109,Discrepancy in expenditure estimate of GDP (current LCU),NY.GDP.DISC.CN,-0.0005117436640963368
146,Exports of goods and services (current LCU),NE.EXP.GNFS.CN,-0.000510561201297272
710,"Age population, age 22, male, interpolated",SP.POP.AG22.MA.IN,-0.0004871471206856351
72,CO2 emissions (metric tons per capita),EN.ATM.CO2E.PC,-0.00048667644562286864
190,GDP per capita growth (annual %),NY.GDP.PCAP.KD.ZG,-0.0004800934712207906
761,"Population ages 35-39, male",SP.POP.3539.MA,-0.00047811881669362774
497,"Population ages 75-79, male (% of male population)",SP.POP.7579.MA.5Y,-0.0004759138630265659
709,"Age population, age 22, female, interpolated",SP.POP.AG22.FE.IN,-0.0004661842462248442
280,"Industry (including construction), value added (constant LCU)",NV.IND.TOTL.KN,-0.000458249479112221
236,Gross fixed capital formation (constant 2015 US$),NE.GDI.FTOT.KD,-0.0004539738696780038
98,Cost of business start-up procedures (% of GNI per capita),IC.REG.COST.PC.ZS,-0.0004523852007827315
357,Military expenditure (% of GDP),MS.MIL.XPND.GD.ZS,-0.00045012396719158694
309,Labor tax and contributions (% of commercial profits),IC.TAX.LABR.CP.ZS,-0.00044990542494300457
363,Monetary Sector credit to private sector (% GDP),FM.AST.PRVT.GD.ZS,-0.0004341612966252386
265,Import unit value index (2015 = 100),TM.UVI.MRCH.XD.WD,-0.0004123702339020199
399,Net official development assistance received (current US$),DT.ODA.ODAT.CD,-0.0004075777962535866
541,Ratio of female to male labor force participation rate (%) (modeled ILO estimate),SL.TLF.CACT.FM.ZS,-0.0004067833823518426
94,Control of Corruption: Percentile Rank,CC.PER.RNK,-0.00040665982487751224
215,GNI: linked series (current LCU),NY.GNP.MKTP.CN.AD,-0.0003944985087224172
489,"Population ages 65 and above, male",SP.POP.65UP.MA.IN,-0.000388773292481987
110,Domestic credit to private sector (% of GDP),FS.AST.PRVT.GD.ZS,-0.00038573688072914193
145,Exports of goods and services (constant 2015 US$),NE.EXP.GNFS.KD,-0.00037455164582574557
800,"Tuberculosis death rate (per 100,000 people)",SH.TBS.MORT,-0.00036447188114154097
306,"Labor force participation rate, total (% of total population ages 15-64) (modeled ILO estimate)",SL.TLF.ACTI.ZS,-0.0003635953124843176
592,"Services, value added (constant 2015 US$)",NV.SRV.TOTL.KD,-0.0003490946008454475
789,"Probability of dying among adolescents ages 15-19 years, female (per 1,000)",SH.DYN.1519.FE,-0.00034816952517113825
41,"Agriculture, forestry, and fishing, value added (current LCU)",NV.AGR.TOTL.CN,-0.0003437274117180546
403,Net primary income (Net income from abroad) (current US$),NY.GSR.NFCY.CD,-0.00033658552912215655
308,"Labor force, total",SL.TLF.TOTL.IN,-0.00032315573050573613
202,GNI (constant 2015 US$),NY.GNP.MKTP.KD,-0.0003175348589540801
481,"Population ages 50-54, male (% of male population)",SP.POP.5054.MA.5Y,-0.0003137829314402735
166,Food exports (% of merchandise exports),TX.VAL.FOOD.ZS.UN,-0.0003104775760258439
70,CO2 emissions (kg per PPP $ of GDP),EN.ATM.CO2E.PP.GD,-0.00029926355711014184
408,"Net trade in goods and services (BoP, current US$)",BN.GSR.GNFS.CD,-0.00029811777495973016
742,"Number of under-five deaths, female",SH.DTH.MORT.FE,-0.0002980163544768262
88,Consumer price index (2010 = 100),FP.CPI.TOTL,-0.00029729035601985896
187,GDP per capita (constant LCU),NY.GDP.PCAP.KN,-0.0002912571359465223
79,Coal rents (% of GDP),NY.GDP.COAL.RT.ZS,-0.00029027346157065487
209,"GNI per capita, Atlas method (current US$)",NY.GNP.PCAP.CD,-0.0002768181818444363
239,Gross national expenditure (constant 2015 US$),NE.DAB.TOTL.KD,-0.0002600064467109994
68,CO2 emissions (kg per 2015 US$ of GDP),EN.ATM.CO2E.KD.GD,-0.00025839894161584635
717,"Domestic private health expenditure per capita, PPP  (current international $)",SH.XPD.PVTD.PP.CD,-0.00025304169562266035
183,GDP deflator (base year varies by country),NY.GDP.DEFL.ZS,-0.00025051147505063547
185,GDP growth (annual %),NY.GDP.MKTP.KD.ZG,-0.0002466774818374437
486,Population ages 65 and above (% of total population),SP.POP.65UP.TO.ZS,-0.0002464085832383633
134,"Employment to population ratio, 15+, total (%) (modeled ILO estimate)",SL.EMP.TOTL.SP.ZS,-0.00024061208353195608
402,Net primary income (Net income from abroad) (current LCU),NY.GSR.NFCY.CN,-0.000227102343378231
142,Exports of goods and services (% of GDP),NE.EXP.GNFS.ZS,-0.00022280257809576898
543,Refugee population by country or territory of origin,SM.POP.REFG.OR,-0.00020001758153162
123,Employment in agriculture (% of total employment) (modeled ILO estimate),SL.AGR.EMPL.ZS,-0.00018729301906416488
672,"Age population, age 03, male, interpolated",SP.POP.AG03.MA.IN,-0.0001868143810119124
628,Trade in services (% of GDP),BG.GSR.NFSV.GD.ZS,-0.0001812319781066497
416,Number of maternal deaths,SH.MMR.DTHS,-0.00017655368572723604
639,"Unemployment, female (% of female labor force) (modeled ILO estimate)",SL.UEM.TOTL.FE.ZS,-0.0001612219003925441
282,"Industry (including construction), value added (current US$)",NV.IND.TOTL.CD,-0.00015824731357333503
644,"Unemployment, youth total (% of total labor force ages 15-24) (modeled ILO estimate)",SL.UEM.1524.ZS,-0.00015689308397946034
73,CO2 emissions from gaseous fuel consumption (% of total),EN.ATM.CO2E.GF.ZS,-0.00015251669311745503
460,"Population ages 15-19, female (% of female population)",SP.POP.1519.FE.5Y,-0.00013699720710763386
469,"Population ages 20-24, male (% of male population)",SP.POP.2024.MA.5Y,-0.00013680463611119318
12,Adjusted savings: consumption of fixed capital (% of GNI),NY.ADJ.DKAP.GN.ZS,-0.0001329089034726171
219,Government Effectiveness: Number of Sources,GE.NO.SRC,-0.0001321597443707896
724,"Mortality caused by road traffic injury, male (per 100,000 male population)",SH.STA.TRAF.MA.P5,-0.0001305017989804034
305,"Labor force participation rate, total (% of total population ages 15+) (modeled ILO estimate)",SL.TLF.CACT.ZS,-0.00012500385924463404
547,"Regulatory Quality: Percentile Rank, Lower Bound of 90% Confidence Interval",RQ.PER.RNK.LOWER,-0.0001078740325021627
500,Population density (people per sq. km of land area),EN.POP.DNST,-9.162915257166036e-05
750,"Population ages 10-14, female",SP.POP.1014.FE,-8.770211563656029e-05
290,"Insurance and financial services (% of service imports, BoP)",BM.GSR.INSF.ZS,-8.499611701071292e-05
379,"Mortality rate, under-5, male (per 1,000 live births)",SH.DYN.MORT.MA,-5.600876577827286e-05
346,Merchandise imports from high-income economies (% of total merchandise imports),TM.VAL.MRCH.HI.ZS,-4.909940489178882e-05
213,"GNI, PPP (constant 2017 international $)",NY.GNP.MKTP.PP.KD,-4.8251888728416004e-05
152,External health expenditure (% of current health expenditure),SH.XPD.EHEX.CH.ZS,-4.594883321398293e-05
590,"Services, value added (% of GDP)",NV.SRV.TOTL.ZS,-3.4728291249779e-05
253,Households and NPISHs Final consumption expenditure per capita (constant 2015 US$),NE.CON.PRVT.PC.KD,-3.471025093795821e-05
150,External balance on goods and services (current LCU),NE.RSB.GNFS.CN,-2.1435055981876785e-05
683,"Age population, age 09, female, interpolated",SP.POP.AG09.FE.IN,-1.4121354980342161e-05
8,"Adjusted net savings, excluding particulate emission damage (% of GNI)",NY.ADJ.SVNX.GN.ZS,-1.3065749561205032e-05
513,Prevalence of anemia among non-pregnant women (% of women ages 15-49),SH.ANM.NPRG.ZS,-1.3062716766749306e-05
162,Fixed broadband subscriptions,IT.NET.BBND,-1.0371649787321405e-05
375,"Mortality rate, infant, male (per 1,000 live births)",SP.DYN.IMRT.MA.IN,-5.48731170577329e-06
97,Control of Corruption: Standard Error,CC.STD.ERR,-3.9314034659030976e-06
248,Households and NPISHs final consumption expenditure (% of GDP),NE.CON.PRVT.ZS,2.6881554942164374e-05
665,"Age population, age 00, female, interpolated",SP.POP.AG00.FE.IN,2.8412393515345403e-05
505,"Population, male",SP.POP.TOTL.MA.IN,4.221705030988865e-05
315,Lifetime risk of maternal death (%),SH.MMR.RISK.ZS,4.271514476193238e-05
184,GDP deflator: linked series (base year varies by country),NY.GDP.DEFL.ZS.AD,4.362325582356054e-05
597,Sex ratio at birth (male births per female births),SP.POP.BRTH.MF,5.925728256700261e-05
719,"Immunization, Hib3 (% of children ages 12-23 months)",SH.IMM.HIB3,6.0315200202447286e-05
29,"Age dependency ratio, old (% of working-age population)",SP.POP.DPND.OL,6.612341576043165e-05
503,"Population, female",SP.POP.TOTL.FE.IN,6.792052755505357e-05
360,Mineral rents (% of GDP),NY.GDP.MINR.RT.ZS,7.900487467372652e-05
670,"Age population, age 02, male, interpolated",SP.POP.AG02.MA.IN,9.934039912842903e-05
260,"ICT service exports (% of service exports, BoP)",BX.GSR.CCIS.ZS,0.00010833734257188136
331,Merchandise exports by the reporting economy (current US$),TX.VAL.MRCH.WL.CD,0.00011745742746331244
406,Net secondary income (Net current transfers from abroad) (current US$),NY.TRF.NCTR.CD,0.00012932847200508997
536,Procedures to build a warehouse (number),IC.WRH.PROC,0.0001351620948521037
293,"International tourism, expenditures for travel items (current US$)",ST.INT.TVLX.CD,0.00014269695799478107
208,GNI per capita growth (annual %),NY.GNP.PCAP.KD.ZG,0.00014389529960625675
143,Exports of goods and services (annual % growth),NE.EXP.GNFS.KD.ZG,0.00016120043340014343
686,"Age population, age 10, male, interpolated",SP.POP.AG10.MA.IN,0.0001612516602500533
459,"Population ages 10-14, male (% of male population)",SP.POP.1014.MA.5Y,0.00016966930266161206
645,Urban population,SP.URB.TOTL,0.00018928421654316503
622,Total natural resources rents (% of GDP),NY.GDP.TOTL.RT.ZS,0.0001954248926925744
743,"Number of under-five deaths, male",SH.DTH.MORT.MA,0.00020452145059632917
714,"Age population, age 24, male, interpolated",SP.POP.AG24.MA.IN,0.00022804947315292547
482,"Population ages 55-59, female (% of female population)",SP.POP.5559.FE.5Y,0.00023388516718468832
423,Other taxes payable by businesses (% of commercial profits),IC.TAX.OTHR.CP.ZS,0.00023484161332295304
362,Mobile cellular subscriptions (per 100 people),IT.CEL.SETS.P2,0.00024185716603987824
424,Out-of-pocket expenditure (% of current health expenditure),SH.XPD.OOPC.CH.ZS,0.0002425669640570447
303,"Labor force participation rate, male (% of male population ages 15+) (modeled ILO estimate)",SL.TLF.CACT.MA.ZS,0.0002448368520450682
163,Fixed broadband subscriptions (per 100 people),IT.NET.BBND.P2,0.00025647756841798013
295,"International tourism, receipts (% of total exports)",ST.INT.RCPT.XP.ZS,0.0002592872019067537
748,"Population ages 05-09, female",SP.POP.0509.FE,0.0002666392906519359
199,General government final consumption expenditure (constant 2015 US$),NE.CON.GOVT.KD,0.0002802614563339535
651,"Voice and Accountability: Percentile Rank, Lower Bound of 90% Confidence Interval",VA.PER.RNK.LOWER,0.0002810678761042109
148,"Exports of goods, services and primary income (BoP, current US$)",BX.GSR.TOTL.CD,0.0002826424850379409
499,"Population ages 80 and above, male (% of male population)",SP.POP.80UP.MA.5Y,0.0002827225814894198
132,"Employment to population ratio, 15+, female (%) (modeled ILO estimate)",SL.EMP.TOTL.SP.FE.ZS,0.0002834178420207114
268,Imports of goods and services (% of GDP),NE.IMP.GNFS.ZS,0.0002922246609803365
230,Gross capital formation (current US$),NE.GDI.TOTL.CD,0.00030625597594229385
632,"Transport services (% of service imports, BoP)",BM.GSR.TRAN.ZS,0.0003142624727263736
391,"Net financial account (BoP, current US$)",BN.FIN.TOTL.CD,0.00032082346841835074
344,"Merchandise imports by the reporting economy, residual (% of total merchandise imports)",TM.VAL.MRCH.RS.ZS,0.000323583322486346
455,"Population ages 0-14, total",SP.POP.0014.TO,0.0003300013702569352
498,"Population ages 80 and above, female (% of female population)",SP.POP.80UP.FE.5Y,0.00033735355258715304
89,"Contributing family workers, female (% of female employment) (modeled ILO estimate)",SL.FAM.WORK.FE.ZS,0.0003383750702283003
329,"Maternal mortality ratio (modeled estimate, per 100,000 live births)",SH.STA.MMRT,0.000344963125225522
240,Gross national expenditure (current LCU),NE.DAB.TOTL.CN,0.0003483672386474137
144,"Exports of goods and services (BoP, current US$)",BX.GSR.GNFS.CD,0.00034896725411328363
701,"Age population, age 18, female, interpolated",SP.POP.AG18.FE.IN,0.0003563276124007817
702,"Age population, age 18, male, interpolated",SP.POP.AG18.MA.IN,0.0003564242343065485
222,"Government Effectiveness: Percentile Rank, Upper Bound of 90% Confidence Interval",GE.PER.RNK.UPPER,0.0003740954995471461
112,Domestic general government health expenditure (% of current health expenditure),SH.XPD.GHED.CH.ZS,0.0003768451187746715
364,"Mortality caused by road traffic injury (per 100,000 population)",SH.STA.TRAF.P5,0.00038314769466489356
705,"Age population, age 20, female, interpolated",SP.POP.AG20.FE.IN,0.00038954009258640015
661,Women Business and the Law Index Score (scale 1-100),SG.LAW.INDX,0.00039428907425089274
347,Merchandise imports from low- and middle-income economies in East Asia & Pacific (% of total merchandise imports),TM.VAL.MRCH.R1.ZS,0.0004037649577849679
801,"Unemployment, female (% of female labor force)",SL.UEM.TOTL.FE.ZS,0.0004049866293781525
366,"Mortality from CVD, cancer, diabetes or CRD between exact ages 30 and 70, female (%)",SH.DYN.NCOM.FE.ZS,0.0004103918737810658
527,"Primary education, teachers (% female)",SE.PRM.TCHR.FE.ZS,0.00041777628795275953
322,Manufactures imports (% of merchandise imports),TM.VAL.MANF.ZS.UN,0.00041957513537216996
756,"Population ages 25-29, female",SP.POP.2529.FE,0.000434552324239445
601,Statistical performance indicators (SPI): Pillar 1 data use score (scale 0-100),IQ.SPI.PIL1,0.0004403319108207148
60,"Birth rate, crude (per 1,000 people)",SP.DYN.CBRT.IN,0.0004508672050221891
229,Gross capital formation (current LCU),NE.GDI.TOTL.CN,0.0004529910747718486
747,"Population ages 00-14, total",SP.POP.0014.TO,0.0004538352168969053
102,Current account balance (% of GDP),BN.CAB.XOKA.GD.ZS,0.0004679425421525103
16,Adjusted savings: energy depletion (% of GNI),NY.ADJ.DNGY.GN.ZS,0.0004739471622287269
722,"Mortality caused by road traffic injury (per 100,000 people)",SH.STA.TRAF.P5,0.0004880688257032204
687,"Age population, age 11, female, interpolated",SP.POP.AG11.FE.IN,0.0004972308606580741
718,"Immunization, BCG (% of one-year-old children)",SH.IMM.IBCG,0.0005001811444723285
10,Adjusted savings: carbon dioxide damage (% of GNI),NY.ADJ.DCO2.GN.ZS,0.0005017356976125394
139,Export unit value index (2015 = 100),TX.UVI.MRCH.XD.WD,0.0005038293280080246
336,Merchandise exports to low- and middle-income economies in Europe & Central Asia (% of total merchandise exports),TX.VAL.MRCH.R2.ZS,0.0005254572932701365
118,Domestic private health expenditure per capita (current US$),SH.XPD.PVTD.PC.CD,0.0005366204514399028
447,Political Stability and Absence of Violence/Terrorism: Standard Error,PV.STD.ERR,0.000548148111596733
417,Number of neonatal deaths,SH.DTH.NMRT,0.0005503950060698267
478,"Population ages 45-49, female (% of female population)",SP.POP.4549.FE.5Y,0.0005521117115224973
563,Rural population growth (annual %),SP.RUR.TOTL.ZG,0.0005543554825624598
744,"People using at least basic sanitation services, urban  (% of urban population)",SH.STA.BASS.UR.ZS,0.000555789599405464
445,"Political Stability and Absence of Violence/Terrorism: Percentile Rank, Lower Bound of 90% Confidence Interval",PV.PER.RNK.LOWER,0.0005587858642468369
704,"Age population, age 19, male, interpolated",SP.POP.AG19.MA.IN,0.0005616995320057739
398,Net official development assistance received (constant 2020 US$),DT.ODA.ODAT.KD,0.0005651601005444822
749,"Population ages 05-09, male",SP.POP.0509.MA,0.0005655694566752496
345,Merchandise imports from economies in the Arab World (% of total merchandise imports),TM.VAL.MRCH.AL.ZS,0.0005675354895660031
407,"Net trade in goods (BoP, current US$)",BN.GSR.MRCH.CD,0.0005733583862467278
272,Imports of goods and services (current LCU),NE.IMP.GNFS.CN,0.0005822874464027618
448,"Population ages 00-04, female (% of female population)",SP.POP.0004.FE.5Y,0.0005862170925115663
157,Final consumption expenditure (% of GDP),NE.CON.TOTL.ZS,0.0005875252396677101
300,"Labor force participation rate for ages 15-24, total (%) (modeled ILO estimate)",SL.TLF.ACTI.1524.ZS,0.0005925967661746571
323,"Manufacturing, value added (% of GDP)",NV.IND.MANF.ZS,0.0005966067899954979
594,"Services, value added (current LCU)",NV.SRV.TOTL.CN,0.0005994169417046279
196,GDP: linked series (current LCU),NY.GDP.MKTP.CN.AD,0.0006025214183471204
138,Energy intensity level of primary energy (MJ/$2017 PPP GDP),EG.EGY.PRIM.PP.KD,0.0006097232515428282
453,"Population ages 0-14, male",SP.POP.0014.MA.IN,0.0006113099991132707
168,Food production index (2014-2016 = 100),AG.PRD.FOOD.XD,0.0006151554072270452
707,"Age population, age 21, female, interpolated",SP.POP.AG21.FE.IN,0.0006171736597551404
188,GDP per capita (current LCU),NY.GDP.PCAP.CN,0.0006277047083059409
212,"GNI, Atlas method (current US$)",NY.GNP.ATLS.CD,0.0006322127820100092
795,"Public spending on education, total (% of GDP)",SE.XPD.TOTL.GD.ZS,0.0006499327439099358
255,"Households and NPISHs Final consumption expenditure, PPP (constant 2017 international $)",NE.CON.PRVT.PP.KD,0.0006561617531427353
343,Merchandise imports by the reporting economy (current US$),TM.VAL.MRCH.WL.CD,0.0006773670217021881
92,Control of Corruption: Estimate,CC.EST,0.0006836058015666863
245,Gross value added at basic prices (GVA) (constant LCU),NY.GDP.FCST.KN,0.0006887419212219621
517,"Prevalence of stunting, height for age (modeled estimate, % of children under 5)",SH.STA.STNT.ME.ZS,0.000698804402071437
674,"Age population, age 04, male, interpolated",SP.POP.AG04.MA.IN,0.0007101440706560963
294,"International tourism, number of arrivals",ST.INT.ARVL,0.0007106292753425426
15,Adjusted savings: education expenditure (current US$),NY.ADJ.AEDU.CD,0.0007138189450898215
491,"Population ages 65 and above, total",SP.POP.65UP.TO,0.0007151824516094844
104,Current health expenditure (% of GDP),SH.XPD.CHEX.GD.ZS,0.0007187251915641633
706,"Age population, age 20, male, interpolated",SP.POP.AG20.MA.IN,0.0007207983508855304
730,Number of deaths ages 10-19 years,SH.DTH.1019,0.0007259099118987351
299,"Labor force participation rate for ages 15-24, male (%) (modeled ILO estimate)",SL.TLF.ACTI.1524.MA.ZS,0.0007264289774046928
791,"Probability of dying among children ages 5-9 years, female (per 1,000)",SH.DYN.0509.FE,0.0007267328201816545
30,"Age dependency ratio, young (% of working-age population)",SP.POP.DPND.YG,0.0007478588998107474
596,"Services, value added per worker (constant 2015 US$)",NV.SRV.EMPL.KD,0.000755392117011177
49,"Annual freshwater withdrawals, industry (% of total freshwater withdrawal)",ER.H2O.FWIN.ZS,0.0007566217434809576
477,"Population ages 40-44, male (% of male population)",SP.POP.4044.MA.5Y,0.0007591284833378331
496,"Population ages 75-79, female (% of female population)",SP.POP.7579.FE.5Y,0.000762409400323149
85,"Compulsory education, duration (years)",SE.COM.DURS,0.0007640080800336821
796,"Stillbirth rate (per 1,000 total births)",SH.DYN.STLB,0.0007717966121286123
214,"GNI, PPP (current international $)",NY.GNP.MKTP.PP.CD,0.0007765430758750112
676,"Age population, age 05, male, interpolated",SP.POP.AG05.MA.IN,0.0007767628128325959
31,Agricultural land (% of land area),AG.LND.AGRI.ZS,0.0007875545712918662
693,"Age population, age 14, female, interpolated",SP.POP.AG14.FE.IN,0.0007890133765641963
684,"Age population, age 09, male, interpolated",SP.POP.AG09.MA.IN,0.0007982216424760291
703,"Age population, age 19, female, interpolated",SP.POP.AG19.FE.IN,0.000804064623526952
19,Adjusted savings: mineral depletion (% of GNI),NY.ADJ.DMIN.GN.ZS,0.0008198151140859757
117,Domestic private health expenditure (% of current health expenditure),SH.XPD.PVTD.CH.ZS,0.0008235513391280464
512,Prevalence of anemia among children (% of children ages 6-59 months),SH.ANM.CHLD.ZS,0.00083100887228288
258,ICT goods exports (% of total goods exports),TX.VAL.ICTG.ZS.UN,0.0008324625182445111
90,"Contributing family workers, male (% of male employment) (modeled ILO estimate)",SL.FAM.WORK.MA.ZS,0.0008329777768522608
55,Arable land (hectares),AG.LND.ARBL.HA,0.00083678156519438
740,"Number of infant deaths, male",SH.DTH.IMRT.MA,0.000841559383855699
483,"Population ages 55-59, male (% of male population)",SP.POP.5559.MA.5Y,0.0008575993777878343
451,"Population ages 0-14, female",SP.POP.0014.FE.IN,0.00086532404592513
548,"Regulatory Quality: Percentile Rank, Upper Bound of 90% Confidence Interval",RQ.PER.RNK.UPPER,0.0008661560271270851
562,Rural population (% of total population),SP.RUR.TOTL.ZS,0.0008794201346125932
25,Adjusted savings: particulate emission damage (% of GNI),NY.ADJ.DPEM.GN.ZS,0.0008839180985288082
669,"Age population, age 02, female, interpolated",SP.POP.AG02.FE.IN,0.00088540336820412
279,"Industry (including construction), value added (constant 2015 US$)",NV.IND.TOTL.KD,0.0008866896437946149
14,Adjusted savings: education expenditure (% of GNI),NY.ADJ.AEDU.GN.ZS,0.0008928112765299479
606,"Survival to age 65, female (% of cohort)",SP.DYN.TO65.FE.ZS,0.0008930333879942769
281,"Industry (including construction), value added (current LCU)",NV.IND.TOTL.CN,0.0008971004883363111
598,Start-up procedures to register a business (number),IC.REG.PROC,0.0009025236719171884
171,"Foreign direct investment, net inflows (BoP, current US$)",BX.KLT.DINV.CD.WD,0.0009042590414010466
685,"Age population, age 10, female, interpolated",SP.POP.AG10.FE.IN,0.0009092772925714991
695,"Age population, age 15, female, interpolated",SP.POP.AG15.FE.IN,0.0009124116076398273
659,"Wage and salaried workers, total (% of total employment) (modeled ILO estimate)",SL.EMP.WORK.ZS,0.0009190918537134433
633,Travel services (% of commercial service exports),TX.VAL.TRVL.ZS.WT,0.0009342346224470379
688,"Age population, age 11, male, interpolated",SP.POP.AG11.MA.IN,0.0009367061006447775
348,Merchandise imports from low- and middle-income economies in Europe & Central Asia (% of total merchandise imports),TM.VAL.MRCH.R2.ZS,0.0009464089430612704
532,"Probability of dying among adolescents ages 10-14 years (per 1,000)",SH.DYN.1014,0.0009789446443745845
48,"Annual freshwater withdrawals, domestic (% of total freshwater withdrawal)",ER.H2O.FWDM.ZS,0.0009863943591977308
554,"Reserves and related items (BoP, current US$)",BN.RES.INCL.CD,0.000990609236719125
198,General government final consumption expenditure (annual % growth),NE.CON.GOVT.KD.ZG,0.0010021272105040632
105,Current health expenditure per capita (current US$),SH.XPD.CHEX.PC.CD,0.0010057331792145986
108,DEC alternative conversion factor (LCU per US$),PA.NUS.ATLS,0.001013073657022324
723,"Mortality caused by road traffic injury, female (per 100,000 female population)",SH.STA.TRAF.FE.P5,0.0010134894233819324
359,Military expenditure (current USD),MS.MIL.XPND.CD,0.0010212292731445313
227,Gross capital formation (annual % growth),NE.GDI.TOTL.KD.ZG,0.0010305059460508843
251,Households and NPISHs Final consumption expenditure (current LCU),NE.CON.PRVT.CN,0.0010574072469788386
673,"Age population, age 04, female, interpolated",SP.POP.AG04.FE.IN,0.0010588374929746923
302,"Labor force participation rate, female (% of female population ages 15-64) (modeled ILO estimate)",SL.TLF.ACTI.FE.ZS,0.0010689446465639728
354,Merchandise trade (% of GDP),TG.VAL.TOTL.GD.ZS,0.0010712032101250523
519,Price level ratio of PPP conversion factor (GDP) to market exchange rate,PA.NUS.PPPC.RF,0.0010837147115818418
746,"Population ages 00-04, male",SP.POP.0004.MA,0.001113830653724633
269,Imports of goods and services (annual % growth),NE.IMP.GNFS.KD.ZG,0.0011263823324605537
165,Fixed telephone subscriptions (per 100 people),IT.MLT.MAIN.P2,0.0011269214362481612
349,Merchandise imports from low- and middle-income economies in Latin America & the Caribbean (% of total merchandise imports),TM.VAL.MRCH.R3.ZS,0.0011420174398976428
286,"Inflation, GDP deflator: linked series (annual %)",NY.GDP.DEFL.KD.ZG.AD,0.00115357769058658
311,Land under cereal production (hectares),AG.LND.CREL.HA,0.0011547614095492355
638,Tuberculosis treatment success rate (% of new cases),SH.TBS.CURE.ZS,0.0011571223509819453
772,"Population ages 65-69, female",SP.POP.6569.FE,0.0011664195950838248
158,Final consumption expenditure (annual % growth),NE.CON.TOTL.KD.ZG,0.0011783532306658092
126,Employment in industry (% of total employment) (modeled ILO estimate),SL.IND.EMPL.ZS,0.0011789947373480546
232,Gross domestic savings (current LCU),NY.GDS.TOTL.CN,0.0011807045949411882
320,Lower secondary school starting age (years),SE.SEC.AGES,0.0011945461067660648
24,Adjusted savings: net national savings (% of GNI),NY.ADJ.NNAT.GN.ZS,0.0011976602661215323
582,"Secondary education, pupils",SE.SEC.ENRL,0.0011990533402876336
82,Commercial service imports (current US$),TM.VAL.SERV.CD.WT,0.0012142636074393611
410,Nitrous oxide emissions in energy sector (thousand metric tons of CO2 equivalent),EN.ATM.NOXE.EG.KT.CE,0.0012165021398789844
273,Imports of goods and services (current US$),NE.IMP.GNFS.CD,0.0012198583997304366
584,"Secondary income, other sectors, payments (BoP, current US$)",BM.TRF.PRVT.CD,0.0012275622998665868
373,"Mortality rate, infant (per 1,000 live births)",SP.DYN.IMRT.IN,0.001227639296161095
429,"People practicing open defecation, urban (% of urban population)",SH.STA.ODFC.UR.ZS,0.001227748437504884
544,Regulatory Quality: Estimate,RQ.EST,0.0012367104630042777
552,Renewable internal freshwater resources per capita (cubic meters),ER.H2O.INTR.PC,0.0012528781514153904
176,Forest rents (% of GDP),NY.GDP.FRST.RT.ZS,0.0012610109350253084
700,"Age population, age 17, male, interpolated",SP.POP.AG17.MA.IN,0.0012647017477426387
21,Adjusted savings: natural resources depletion (% of GNI),NY.ADJ.DRES.GN.ZS,0.0012769794571272936
324,"Manufacturing, value added (annual % growth)",NV.IND.MANF.KD.ZG,0.0012932000717634285
365,"Mortality from CVD, cancer, diabetes or CRD between exact ages 30 and 70 (%)",SH.DYN.NCOM.ZS,0.0013053386411764525
793,"Probability of dying among youth ages 20-24 years, female (per 1,000)",SH.DYN.2024.FE,0.0013226956125997637
289,"Insurance and financial services (% of service exports, BoP)",BX.GSR.INSF.ZS,0.001329192453397305
54,Arable land (hectares per person),AG.LND.ARBL.HA.PC,0.0013359299769012578
34,Agricultural nitrous oxide emissions (thousand metric tons of CO2 equivalent),EN.ATM.NOXE.AG.KT.CE,0.0013369659218701515
798,"Treatment for hypertension, female (% of female adults ages 30-79 with hypertension)",SH.HTN.TRET.FE.ZS,0.001337555604804289
690,"Age population, age 12, male, interpolated",SP.POP.AG12.MA.IN,0.0013421028315949784
161,Final consumption expenditure (current US$),NE.CON.TOTL.CD,0.0013501219444029223
432,"People using at least basic drinking water services, urban (% of urban population)",SH.H2O.BASW.UR.ZS,0.0013531539525102202
751,"Population ages 10-14, male",SP.POP.1014.MA,0.0013617025776982037
321,Manufactures exports (% of merchandise exports),TX.VAL.MANF.ZS.UN,0.0013700401265158773
510,"PPP conversion factor, private consumption (LCU per international $)",PA.NUS.PRVT.PP,0.001372524220430619
383,"Net bilateral aid flows from DAC donors, European Union institutions (current US$)",DC.DAC.CECL.CD,0.0013769096050114977
620,Total fisheries production (metric tons),ER.FSH.PROD.MT,0.0014155158466844424
431,"People using at least basic drinking water services, rural (% of rural population)",SH.H2O.BASW.RU.ZS,0.001427476556208662
682,"Age population, age 08, male, interpolated",SP.POP.AG08.MA.IN,0.001429023696626175
430,People using at least basic drinking water services (% of population),SH.H2O.BASW.ZS,0.0014297122361339484
515,Prevalence of anemia among women of reproductive age (% of women ages 15-49),SH.ANM.ALLW.ZS,0.001437035652204071
534,"Probability of dying among children ages 5-9 years (per 1,000)",SH.DYN.0509,0.0014452762002255153
107,"Death rate, crude (per 1,000 people)",SP.DYN.CDRT.IN,0.0014462731762708196
377,"Mortality rate, under-5 (per 1,000 live births)",SH.DYN.MORT,0.0014483494555073632
124,"Employment in agriculture, female (% of female employment) (modeled ILO estimate)",SL.AGR.EMPL.FE.ZS,0.001455379899194141
509,"PPP conversion factor, GDP (LCU per international $)",PA.NUS.PPP,0.0014713376280495636
220,Government Effectiveness: Percentile Rank,GE.PER.RNK,0.0014759716860672468
69,CO2 emissions (kg per 2017 PPP $ of GDP),EN.ATM.CO2E.PP.GD.KD,0.0014770059672387385
350,Merchandise imports from low- and middle-income economies in Middle East & North Africa (% of total merchandise imports),TM.VAL.MRCH.R4.ZS,0.0014882156882188359
539,Proportion of seats held by women in national parliaments (%),SG.GEN.PARL.ZS,0.0015111441132543216
449,"Population ages 00-04, male (% of male population)",SP.POP.0004.MA.5Y,0.0015206708184500317
394,Net ODA received (% of GNI),DT.ODA.ODAT.GN.ZS,0.0015220737917198215
243,Gross savings (% of GNI),NY.GNS.ICTR.GN.ZS,0.0015449579010495826
381,Net barter terms of trade index (2015 = 100),TT.PRI.MRCH.XD.WD,0.0015669598553889603
133,"Employment to population ratio, 15+, male (%) (modeled ILO estimate)",SL.EMP.TOTL.SP.MA.ZS,0.0015732796407526603
318,Low-birthweight babies (% of births),SH.STA.BRTW.ZS,0.0015764669658133762
787,"Probability of dying among adolescents ages 10-19 years, female (per 1,000)",SH.DYN.1019.FE,0.0015845312503503961
668,"Age population, age 01, male, interpolated",SP.POP.AG01.MA.IN,0.001605264545491943
225,"Government expenditure on education, total (% of government expenditure)",SE.XPD.TOTL.GB.ZS,0.0016082608722009228
502,Population in the largest city (% of urban population),EN.URB.LCTY.UR.ZS,0.0016206490923228979
522,"Primary completion rate, total (% of relevant age group)",SE.PRM.CMPT.ZS,0.0016282362005421989
708,"Age population, age 21, male, interpolated",SP.POP.AG21.MA.IN,0.0016435504064873205
599,"Start-up procedures to register a business, female (number)",IC.REG.PROC.FE,0.0016775008895433443
141,Export volume index (2015 = 100),TX.QTY.MRCH.XD.WD,0.0016829795220749178
91,"Contributing family workers, total (% of total employment) (modeled ILO estimate)",SL.FAM.WORK.ZS,0.0016855158296650644
233,Gross domestic savings (current US$),NY.GDS.TOTL.CD,0.0016949165553439562
762,"Population ages 40-44, female",SP.POP.4044.FE,0.0017223410079748596
732,"Number of deaths ages 10-19 years, male",SH.DTH.1019.MA,0.0017363287104010805
546,Regulatory Quality: Percentile Rank,RQ.PER.RNK,0.0017487717965742585
753,"Population ages 15-19, male",SP.POP.1519.MA,0.001768295699021892
524,"Primary education, pupils",SE.PRM.ENRL,0.0017733081569048972
371,"Mortality rate, adult, female (per 1,000 female adults)",SP.DYN.AMRT.FE,0.0017735100891795664
32,Agricultural land (sq. km),AG.LND.AGRI.K2,0.001777749688843108
335,Merchandise exports to low- and middle-income economies in East Asia & Pacific (% of total merchandise exports),TX.VAL.MRCH.R1.ZS,0.0017944996524956035
177,Fuel exports (% of merchandise exports),TX.VAL.FUEL.ZS.UN,0.0018019742619795423
87,"Computer, communications and other services (% of commercial service imports)",TM.VAL.OTHR.ZS.WT,0.0018116147690507888
775,"Population ages 70-74, male",SP.POP.7074.MA,0.0018294509095717754
380,Natural gas rents (% of GDP),NY.GDP.NGAS.RT.ZS,0.0018345613662982562
334,Merchandise exports to high-income economies (% of total merchandise exports),TX.VAL.MRCH.HI.ZS,0.0018348512322493061
337,Merchandise exports to low- and middle-income economies in Latin America & the Caribbean (% of total merchandise exports),TX.VAL.MRCH.R3.ZS,0.0018437071828565337
121,"Employers, male (% of male employment) (modeled ILO estimate)",SL.EMP.MPYR.MA.ZS,0.0018605455569124826
278,"Industry (including construction), value added (annual % growth)",NV.IND.TOTL.KD.ZG,0.0018606233846170394
438,"Personal remittances, paid (current US$)",BM.TRF.PWKR.CD.DT,0.00186117448817844
427,People practicing open defecation (% of population),SH.STA.ODFC.ZS,0.0018697556656430171
689,"Age population, age 12, female, interpolated",SP.POP.AG12.FE.IN,0.0018707116376791787
194,"GDP, PPP (constant 2017 international $)",NY.GDP.MKTP.PP.KD,0.0019017688065177713
692,"Age population, age 13, male, interpolated",SP.POP.AG13.MA.IN,0.0019078940819329908
696,"Age population, age 15, male, interpolated",SP.POP.AG15.MA.IN,0.001929631376941792
738,"Number of deaths ages 5-9 years, male",SH.DTH.0509.MA,0.0019429927831585263
149,External balance on goods and services (% of GDP),NE.RSB.GNFS.ZS,0.0019481666129800102
314,"Life expectancy at birth, total (years)",SP.DYN.LE00.IN,0.0019492309283418022
203,GNI (current LCU),NY.GNP.MKTP.CN,0.001956760119500704
155,"Fertility rate, total (births per woman)",SP.DYN.TFRT.IN,0.0019589462712396545
116,"Domestic general government health expenditure per capita, PPP (current international $)",SH.XPD.GHED.PP.CD,0.001960342119525346
221,"Government Effectiveness: Percentile Rank, Lower Bound of 90% Confidence Interval",GE.PER.RNK.LOWER,0.0019681508797025245
608,Tax payments (number),IC.TAX.PAYM,0.001983069560947724
103,"Current account balance (BoP, current US$)",BN.CAB.XOKA.CD,0.001986538002194203
434,"People using at least basic sanitation services, rural (% of rural population)",SH.STA.BASS.RU.ZS,0.001996188108206321
637,"Tuberculosis case detection rate (%, all forms)",SH.TBS.DTEC.ZS,0.002025162072582567
257,Households and NPISHs final consumption expenditure: linked series (current LCU),NE.CON.PRVT.CN.AD,0.0020270811375191307
422,Ores and metals imports (% of merchandise imports),TM.VAL.MMTL.ZS.UN,0.0020271402631484112
508,"Portfolio equity, net inflows (BoP, current US$)",BX.PEF.TOTL.CD.WD,0.0020381285882000726
526,"Primary education, teachers",SE.PRM.TCHR,0.002076009955255746
511,"Preprimary education, duration (years)",SE.PRE.DURS,0.002093228688423128
754,"Population ages 20-24, female",SP.POP.2024.FE,0.0021002682144527227
580,Scientific and technical journal articles,IP.JRN.ARTC.SC,0.0021175565899042067
479,"Population ages 45-49, male (% of male population)",SP.POP.4549.MA.5Y,0.002135520584634284
156,Fertilizer consumption (kilograms per hectare of arable land),AG.CON.FERT.ZS,0.002136571030199891
71,CO2 emissions (kt),EN.ATM.CO2E.KT,0.0021754978844166833
414,Number of deaths ages 5-9 years,SH.DTH.0509,0.0021904535090350383
758,"Population ages 30-34, female",SP.POP.3034.FE,0.0021947405970124513
151,External balance on goods and services (current US$),NE.RSB.GNFS.CD,0.0022065390553077753
274,"Imports of goods, services and primary income (BoP, current US$)",BM.GSR.TOTL.CD,0.0022065843875511792
610,Taxes less subsidies on products (current LCU),NY.TAX.NIND.CN,0.002229048756620173
731,"Number of deaths ages 10-19 years, female",SH.DTH.1019.FE,0.00223101019760493
501,Population growth (annual %),SP.POP.GROW,0.0022527123088716522
678,"Age population, age 06, male, interpolated",SP.POP.AG06.MA.IN,0.002312217539364682
122,"Employers, total (% of total employment) (modeled ILO estimate)",SL.EMP.MPYR.ZS,0.0023201702528665726
428,"People practicing open defecation, rural (% of rural population)",SH.STA.ODFC.RU.ZS,0.002326090724132937
393,Net migration,SM.POP.NETM,0.00232910326277889
629,Transport services (% of commercial service exports),TX.VAL.TRAN.ZS.WT,0.00233484903131414
490,"Population ages 65 and above, male (% of male population)",SP.POP.65UP.MA.ZS,0.00234277312594668
764,"Population ages 45-49, female",SP.POP.4549.FE,0.0023507543752739972
181,GDP (current LCU),NY.GDP.MKTP.CN,0.002380713372297192
140,Export value index (2015 = 100),TX.VAL.MRCH.XD.WD,0.0023884460269551528
576,"School enrollment, secondary, male (% gross)",SE.SEC.ENRR.MA,0.0023896243218895965
179,GDP (constant 2015 US$),NY.GDP.MKTP.KD,0.0023943653390633623
521,"Primary completion rate, male (% of relevant age group)",SE.PRM.CMPT.MA.ZS,0.002420689709911148
191,"GDP per capita, PPP (constant 2017 international $)",NY.GDP.PCAP.PP.KD,0.002447528950861953
739,"Number of infant deaths, female",SH.DTH.IMRT.FE,0.0024761292646447025
352,Merchandise imports from low- and middle-income economies in Sub-Saharan Africa (% of total merchandise imports),TM.VAL.MRCH.R6.ZS,0.00249899568709672
283,"Industry (including construction), value added per worker (constant 2015 US$)",NV.IND.EMPL.KD,0.002500919505486434
115,Domestic general government health expenditure per capita (current US$),SH.XPD.GHED.PC.CD,0.0025114743497842563
736,"Number of deaths ages 20-24 years, male",SH.DTH.2024.MA,0.002520284048373656
784,"Probability of dying among adolescents ages 10-14 years, female (per 1,000)",SH.DYN.1014.FE,0.002530428933294654
178,Fuel imports (% of merchandise imports),TM.VAL.FUEL.ZS.UN,0.0025762943322110146
297,"International tourism, receipts for travel items (current US$)",ST.INT.TVLR.CD,0.0025947401958474085
763,"Population ages 40-44, male",SP.POP.4044.MA,0.0025951101989371604
382,"Net bilateral aid flows from DAC donors, Canada (current US$)",DC.DAC.CANL.CD,0.0026241732659053082
101,Crop production index (2014-2016 = 100),AG.PRD.CROP.XD,0.0026351486469066146
494,"Population ages 70-74, female (% of female population)",SP.POP.7074.FE.5Y,0.002656979610271308
372,"Mortality rate, adult, male (per 1,000 male adults)",SP.DYN.AMRT.MA,0.002666417404265551
778,"Population ages 80 and above, female",SP.POP.80UP.FE,0.002677658344029732
242,Gross savings (% of GDP),NY.GNS.ICTR.ZS,0.002708929813564695
604,"Suicide mortality rate, male (per 100,000 male population)",SH.STA.SUIC.MA.P5,0.0027142958289796595
358,Military expenditure (% of general government expenditure),MS.MIL.XPND.ZS,0.0027242503826902824
735,"Number of deaths ages 20-24 years, female",SH.DTH.2024.FE,0.0027260952465958522
530,Primary school starting age (years),SE.PRM.AGES,0.0027281707706018864
421,Ores and metals exports (% of merchandise exports),TX.VAL.MMTL.ZS.UN,0.0027352090275148413
773,"Population ages 65-69, male",SP.POP.6569.MA,0.0027669971863496733
192,"GDP per capita, PPP (current international $)",NY.GDP.PCAP.PP.CD,0.0027697926706246752
774,"Population ages 70-74, female",SP.POP.7074.FE,0.002803029372120071
175,Forest area (sq. km),AG.LND.FRST.K2,0.002811669572295185
470,"Population ages 25-29, female (% of female population)",SP.POP.2529.FE.5Y,0.002823398615225364
529,"Primary income receipts (BoP, current US$)",BX.GSR.FCTY.CD,0.0028287996586063274
779,"Population ages 80 and above, male",SP.POP.80UP.MA,0.0028365169836298268
389,Net domestic credit (current LCU),FM.AST.DOMS.CN,0.0028538878567441967
390,"Net errors and omissions (BoP, current US$)",BN.KAC.EOMS.CD,0.002857710472719066
652,"Voice and Accountability: Percentile Rank, Upper Bound of 90% Confidence Interval",VA.PER.RNK.UPPER,0.002864567409681347
777,"Population ages 75-79, male",SP.POP.7579.MA,0.002879117556826209
771,"Population ages 60-64, male",SP.POP.6064.MA,0.0028964807992352504
776,"Population ages 75-79, female",SP.POP.7579.FE,0.002906461223166387
277,"Industry (including construction), value added (% of GDP)",NV.IND.TOTL.ZS,0.00290687506738147
147,Exports of goods and services (current US$),NE.EXP.GNFS.CD,0.00292035657377925
677,"Age population, age 06, female, interpolated",SP.POP.AG06.FE.IN,0.0029420518988595764
275,"Incidence of tuberculosis (per 100,000 people)",SH.TBS.INCD,0.0029452507390816287
528,"Primary income payments (BoP, current US$)",BM.GSR.FCTY.CD,0.002958621715408719
0,Access to clean fuels and technologies for cooking (% of population),EG.CFT.ACCS.ZS,0.0029649782757211105
550,Renewable electricity output (% of total electricity output),EG.ELC.RNEW.ZS,0.0029687407999497667
405,Net secondary income (Net current transfers from abroad) (current LCU),NY.TRF.NCTR.CN,0.002970290182484866
276,Individuals using the Internet (% of population),IT.NET.USER.ZS,0.0030441844591483653
733,"Number of deaths ages 15-19 years, female",SH.DTH.1519.FE,0.003067096482494728
484,"Population ages 60-64, female (% of female population)",SP.POP.6064.FE.5Y,0.003072091923310464
419,"Official exchange rate (LCU per US$, period average)",PA.NUS.FCRF,0.0031351748078374403
782,"Prevalence of hypertension, female (% of female adults ages 30-79)",SH.HTN.PREV.FE.ZS,0.0032108662506332253
189,GDP per capita (current US$),NY.GDP.PCAP.CD,0.003218142537569502
369,"Mortality rate attributed to unintentional poisoning, female (per 100,000 female population)",SH.STA.POIS.P5.FE,0.0032312712508057264
195,"GDP, PPP (current international $)",NY.GDP.MKTP.PP.CD,0.00324276983494882
766,"Population ages 50-54, female",SP.POP.5054.FE,0.0032917514704965565
480,"Population ages 50-54, female (% of female population)",SP.POP.5054.FE.5Y,0.003291952036971417
679,"Age population, age 07, female, interpolated",SP.POP.AG07.FE.IN,0.003326538479691113
298,"Labor force participation rate for ages 15-24, female (%) (modeled ILO estimate)",SL.TLF.ACTI.1524.FE.ZS,0.0033731812169108446
130,"Employment in services, female (% of female employment) (modeled ILO estimate)",SL.SRV.EMPL.FE.ZS,0.003375074269105522
741,Number of stillbirths,SH.DTH.STLB,0.003384334805837128
313,"Life expectancy at birth, male (years)",SP.DYN.LE00.MA.IN,0.0034810917688719687
765,"Population ages 45-49, male",SP.POP.4549.MA,0.003515099187497957
182,GDP (current US$),NY.GDP.MKTP.CD,0.003530894421047949
790,"Probability of dying among adolescents ages 15-19 years, male (per 1,000)",SH.DYN.1519.MA,0.0035368676487524705
681,"Age population, age 08, female, interpolated",SP.POP.AG08.FE.IN,0.003551637385898286
788,"Probability of dying among adolescents ages 10-19 years, male (per 1,000)",SH.DYN.1019.MA,0.003612716509445515
783,"Prevalence of hypertension, male (% of male adults ages 30-79)",SH.HTN.PREV.MA.ZS,0.0036586790607461327
485,"Population ages 60-64, male (% of male population)",SP.POP.6064.MA.5Y,0.0037004532745145216
131,"Employment in services, male (% of male employment) (modeled ILO estimate)",SL.SRV.EMPL.MA.ZS,0.0037208784056219505
667,"Age population, age 01, female, interpolated",SP.POP.AG01.FE.IN,0.0037378018183801156
621,Total greenhouse gas emissions (kt of CO2 equivalent),EN.ATM.GHGT.KT.CE,0.003799153975823552
167,Food imports (% of merchandise imports),TM.VAL.FOOD.ZS.UN,0.0038039101177607796
1,"Access to clean fuels and technologies for cooking, rural (% of rural population)",EG.CFT.ACCS.RU.ZS,0.0038273477839865003
223,Government Effectiveness: Standard Error,GE.STD.ERR,0.003830806998284489
734,"Number of deaths ages 15-19 years, male",SH.DTH.1519.MA,0.0038408686234607027
193,GDP per person employed (constant 2017 PPP $),SL.GDP.PCAP.EM.KD,0.0038534948934510252
164,Fixed telephone subscriptions,IT.MLT.MAIN,0.0038640314472627923
465,"Population ages 15-64, male",SP.POP.1564.MA.IN,0.00387207227659908
680,"Age population, age 07, male, interpolated",SP.POP.AG07.MA.IN,0.003929704512572221
433,People using at least basic sanitation services (% of population),SH.STA.BASS.ZS,0.003935109393852335
351,Merchandise imports from low- and middle-income economies in South Asia (% of total merchandise imports),TM.VAL.MRCH.R5.ZS,0.003966648152169298
18,Adjusted savings: gross savings (% of GNI),NY.ADJ.ICTR.GN.ZS,0.004046563671951018
20,Adjusted savings: mineral depletion (current US$),NY.ADJ.DMIN.CD,0.004066611227644009
794,"Probability of dying among youth ages 20-24 years, male (per 1,000)",SH.DYN.2024.MA,0.004085393939740602
86,"Computer, communications and other services (% of commercial service exports)",TX.VAL.OTHR.ZS.WT,0.004103074887081349
252,Households and NPISHs Final consumption expenditure (current US$),NE.CON.PRVT.CD,0.004136864482334474
137,"Employment to population ratio, ages 15-24, total (%) (modeled ILO estimate)",SL.EMP.1524.SP.ZS,0.004143093857870931
128,"Employment in industry, male (% of male employment) (modeled ILO estimate)",SL.IND.EMPL.MA.ZS,0.004152814863766296
525,"Primary education, pupils (% female)",SE.PRM.ENRL.FE.ZS,0.004161812513606651
376,"Mortality rate, neonatal (per 1,000 live births)",SH.DYN.NMRT,0.004245362145555844
271,Imports of goods and services (constant 2015 US$),NE.IMP.GNFS.KD,0.004246924359684684
17,Adjusted savings: energy depletion (current US$),NY.ADJ.DNGY.CD,0.0042779021881024434
27,"Adolescent fertility rate (births per 1,000 women ages 15-19)",SP.ADO.TFRT,0.0043056487363077765
785,"Probability of dying among adolescents ages 10-14 years, male (per 1,000)",SH.DYN.1014.MA,0.004340135401847743
514,Prevalence of anemia among pregnant women (%),SH.PRG.ANEM,0.004540104671017948
780,"Population ages 80 and older, female (% of female population)",SP.POP.80UP.FE.5Y,0.004551509894035584
531,Private credit bureau coverage (% of adults),IC.CRD.PRVT.ZS,0.00461944690958781
228,Gross capital formation (constant 2015 US$),NE.GDI.TOTL.KD,0.004889207207273638
781,Prevalence of hypertension (% of adults ages 30-79),SH.HTN.PREV.ZS,0.005029757622691893
574,"School enrollment, secondary (gross), gender parity index (GPI)",SE.ENR.SECO.FM.ZS,0.005168608132048634
716,"Age population, age 25, male, interpolated",SP.POP.AG25.MA.IN,0.0054438551615673455
200,General government final consumption expenditure (current LCU),NE.CON.GOVT.CN,0.005613889339554276
326,"Manufacturing, value added (constant LCU)",NV.IND.MANF.KN,0.005745143289794773
325,"Manufacturing, value added (constant 2015 US$)",NV.IND.MANF.KD,0.006469088051285611
319,"Lower secondary completion rate, total (% of relevant age group)",SE.SEC.CMPT.LO.ZS,0.007690015735111192
737,"Number of deaths ages 5-9 years, female",SH.DTH.0509.FE,0.008738926253747076
226,Gross capital formation (% of GDP),NE.GDI.TOTL.ZS,0.008923396592561039
