,Series Name,Series Code,Attribution,Attribution Absolute
128,"Employment in industry, male (% of male employment) (modeled ILO estimate)",SL.IND.EMPL.MA.ZS,-0.02630674046036894,0.17329317601601593
686,"Age population, age 10, male, interpolated",SP.POP.AG10.MA.IN,-0.020340135515047646,0.10678721410579681
189,GDP per capita (current US$),NY.GDP.PCAP.CD,-0.018798103656795292,0.07576712868903901
754,"Population ages 20-24, female",SP.POP.2024.FE,-0.01860241463829025,0.07248897990688537
364,"Mortality caused by road traffic injury (per 100,000 population)",SH.STA.TRAF.P5,-0.01609537112898201,0.04671783897411044
360,Mineral rents (% of GDP),NY.GDP.MINR.RT.ZS,-0.0159750350120662,0.033860619470061415
3,Access to electricity (% of population),EG.ELC.ACCS.ZS,-0.015149225165838415,0.06566940894551551
20,Adjusted savings: mineral depletion (current US$),NY.ADJ.DMIN.CD,-0.01478808512006032,0.08292571864680359
319,"Lower secondary completion rate, total (% of relevant age group)",SE.SEC.CMPT.LO.ZS,-0.014383150219667408,0.19676978813534174
5,"Access to electricity, urban (% of urban population)",EG.ELC.ACCS.UR.ZS,-0.014020147841448042,0.021925035502726502
771,"Population ages 60-64, male",SP.POP.6064.MA,-0.013721598406931703,0.04021299152751459
773,"Population ages 65-69, male",SP.POP.6569.MA,-0.013304889407560956,0.05741288810062195
187,GDP per capita (constant LCU),NY.GDP.PCAP.KN,-0.012571779123820638,0.031888071276047765
790,"Probability of dying among adolescents ages 15-19 years, male (per 1,000)",SH.DYN.1519.MA,-0.012020781849269606,0.06856495218784271
144,"Exports of goods and services (BoP, current US$)",BX.GSR.GNFS.CD,-0.011723463124324002,0.06927108442233353
27,"Adolescent fertility rate (births per 1,000 women ages 15-19)",SP.ADO.TFRT,-0.011393101540866047,0.05154757208920224
167,Food imports (% of merchandise imports),TM.VAL.FOOD.ZS.UN,-0.011062139961590813,0.13240734464212817
192,"GDP per capita, PPP (current international $)",NY.GDP.PCAP.PP.CD,-0.010855511818676455,0.06865551672444915
147,Exports of goods and services (current US$),NE.EXP.GNFS.CD,-0.010837805173539109,0.08246646196403325
4,"Access to electricity, rural (% of rural population)",EG.ELC.ACCS.RU.ZS,-0.010774954781601231,0.05285941944335026
785,"Probability of dying among adolescents ages 10-14 years, male (per 1,000)",SH.DYN.1014.MA,-0.01052233308000943,0.031061129366998924
780,"Population ages 80 and older, female (% of female population)",SP.POP.80UP.FE.5Y,-0.010410009037270601,0.027492345193363077
514,Prevalence of anemia among pregnant women (%),SH.PRG.ANEM,-0.0103997453821071,0.07532974075030484
794,"Probability of dying among youth ages 20-24 years, male (per 1,000)",SH.DYN.2024.MA,-0.010254015822357545,0.04437856565945185
421,Ores and metals exports (% of merchandise exports),TX.VAL.MMTL.ZS.UN,-0.010032347683565866,0.06516384288084945
433,People using at least basic sanitation services (% of population),SH.STA.BASS.ZS,-0.009890083740725985,0.06167886952314792
781,Prevalence of hypertension (% of adults ages 30-79),SH.HTN.PREV.ZS,-0.009731724561622784,0.03402875218723099
358,Military expenditure (% of general government expenditure),MS.MIL.XPND.ZS,-0.009664705344745131,0.16137533063313375
274,"Imports of goods, services and primary income (BoP, current US$)",BM.GSR.TOTL.CD,-0.009585514269370828,0.12669784566769834
106,"Current health expenditure per capita, PPP (current international $)",SH.XPD.CHEX.PP.CD,-0.009415015896145119,0.028029389220427352
283,"Industry (including construction), value added per worker (constant 2015 US$)",NV.IND.EMPL.KD,-0.0093763535929583,0.03435953727523594
326,"Manufacturing, value added (constant LCU)",NV.IND.MANF.KN,-0.009322634319859916,0.21741421978175227
674,"Age population, age 04, male, interpolated",SP.POP.AG04.MA.IN,-0.009304163143379918,0.03231228226857623
788,"Probability of dying among adolescents ages 10-19 years, male (per 1,000)",SH.DYN.1019.MA,-0.009263393279815837,0.04540659868953423
772,"Population ages 65-69, female",SP.POP.6569.FE,-0.009127730707637272,0.033155892354223185
733,"Number of deaths ages 15-19 years, female",SH.DTH.1519.FE,-0.009054767952270927,0.042029660323254114
325,"Manufacturing, value added (constant 2015 US$)",NV.IND.MANF.KD,-0.008972598486247653,0.16180267320883834
359,Military expenditure (current USD),MS.MIL.XPND.CD,-0.008951286787265172,0.11045232809110422
531,Private credit bureau coverage (% of adults),IC.CRD.PRVT.ZS,-0.008870524342337555,0.13009946116590526
226,Gross capital formation (% of GDP),NE.GDI.TOTL.ZS,-0.008832566518621989,0.07702575440914364
784,"Probability of dying among adolescents ages 10-14 years, female (per 1,000)",SH.DYN.1014.FE,-0.0088069678944159,0.08821343630188498
782,"Prevalence of hypertension, female (% of female adults ages 30-79)",SH.HTN.PREV.FE.ZS,-0.00878155997722054,0.028187897713431047
753,"Population ages 15-19, male",SP.POP.1519.MA,-0.008722076594271775,0.030957625059313026
689,"Age population, age 12, female, interpolated",SP.POP.AG12.FE.IN,-0.00869303788789169,0.029988880968917494
371,"Mortality rate, adult, female (per 1,000 female adults)",SP.DYN.AMRT.FE,-0.008432250769528173,0.08326285214057166
200,General government final consumption expenditure (current LCU),NE.CON.GOVT.CN,-0.008418124617087127,0.0665209646568048
740,"Number of infant deaths, male",SH.DTH.IMRT.MA,-0.008382764784469816,0.06678649240254629
487,"Population ages 65 and above, female",SP.POP.65UP.FE.IN,-0.008367005079430504,0.049186414924538714
313,"Life expectancy at birth, male (years)",SP.DYN.LE00.MA.IN,-0.00813796724917013,0.09781496456413992
191,"GDP per capita, PPP (constant 2017 international $)",NY.GDP.PCAP.PP.KD,-0.008126640598782413,0.14966874785473344
181,GDP (current LCU),NY.GDP.MKTP.CN,-0.008102024686814079,0.036640147485839145
107,"Death rate, crude (per 1,000 people)",SP.DYN.CDRT.IN,-0.008065874255982524,0.047114353068825984
786,"Probability of dying among adolescents ages 10-19 years (per 1,000)",SH.DYN.1019,-0.00806210340369051,0.02948579899681028
732,"Number of deaths ages 10-19 years, male",SH.DTH.1019.MA,-0.008011996545398685,0.0298865275698916
761,"Population ages 35-39, male",SP.POP.3539.MA,-0.007947973391663584,0.05683211153102474
419,"Official exchange rate (LCU per US$, period average)",PA.NUS.FCRF,-0.0078720840435445,0.11656063626438316
778,"Population ages 80 and above, female",SP.POP.80UP.FE,-0.007858372291001134,0.016455073841516357
718,"Immunization, BCG (% of one-year-old children)",SH.IMM.IBCG,-0.007788938945511459,0.017387216187011573
188,GDP per capita (current LCU),NY.GDP.PCAP.CN,-0.007706902479861866,0.05170099621327191
775,"Population ages 70-74, male",SP.POP.7074.MA,-0.007518919906662288,0.03428637440036104
223,Government Effectiveness: Standard Error,GE.STD.ERR,-0.00751271524649337,0.12192974960166766
776,"Population ages 75-79, female",SP.POP.7579.FE,-0.007427201461432626,0.17191143774806272
242,Gross savings (% of GDP),NY.GNS.ICTR.ZS,-0.0074025371560690655,0.045835277424484906
373,"Mortality rate, infant (per 1,000 live births)",SP.DYN.IMRT.IN,-0.00732698076480902,0.051975790133133935
731,"Number of deaths ages 10-19 years, female",SH.DTH.1019.FE,-0.007294917476944363,0.02906279694972382
362,Mobile cellular subscriptions (per 100 people),IT.CEL.SETS.P2,-0.00720587411094121,0.09198101823709195
197,General government final consumption expenditure (% of GDP),NE.CON.GOVT.ZS,-0.007194700266339585,0.07158531420532395
94,Control of Corruption: Percentile Rank,CC.PER.RNK,-0.007074721055338488,0.017842718441316373
230,Gross capital formation (current US$),NE.GDI.TOTL.CD,-0.007029115997802927,0.038688357393149624
0,Access to clean fuels and technologies for cooking (% of population),EG.CFT.ACCS.ZS,-0.006909730632497568,0.04167847818102364
525,"Primary education, pupils (% female)",SE.PRM.ENRL.FE.ZS,-0.006890961295068293,0.049318679710118475
590,"Services, value added (% of GDP)",NV.SRV.TOTL.ZS,-0.0068840012262825715,0.07355393003037318
327,"Manufacturing, value added (current LCU)",NV.IND.MANF.CN,-0.006856092813932664,0.03661750742762984
581,"Secondary education, duration (years)",SE.SEC.DURS,-0.006818590171571597,0.029427648312482714
31,Agricultural land (% of land area),AG.LND.AGRI.ZS,-0.006728637826281725,0.043299564927323765
388,"Net bilateral aid flows from DAC donors, United States (current US$)",DC.DAC.USAL.CD,-0.006692528972404758,0.01984105010362252
470,"Population ages 25-29, female (% of female population)",SP.POP.2529.FE.5Y,-0.006639632561685412,0.008335732423563447
798,"Treatment for hypertension, female (% of female adults ages 30-79 with hypertension)",SH.HTN.TRET.FE.ZS,-0.0065999713888046044,0.02485166507071928
598,Start-up procedures to register a business (number),IC.REG.PROC,-0.006587695322326886,0.028161432707297155
582,"Secondary education, pupils",SE.SEC.ENRL,-0.006578525105936392,0.02308861508661508
182,GDP (current US$),NY.GDP.MKTP.CD,-0.0065599085748730395,0.02090328291937011
777,"Population ages 75-79, male",SP.POP.7579.MA,-0.006458500003638943,0.03950606114557897
536,Procedures to build a warehouse (number),IC.WRH.PROC,-0.006354939946054782,0.07937329333364247
444,Political Stability and Absence of Violence/Terrorism: Percentile Rank,PV.PER.RNK,-0.006305802162308511,0.04424799630058816
574,"School enrollment, secondary (gross), gender parity index (GPI)",SE.ENR.SECO.FM.ZS,-0.0063001175774478665,0.06850907050110296
762,"Population ages 40-44, female",SP.POP.4044.FE,-0.006291902207903973,0.016473619380406757
800,"Tuberculosis death rate (per 100,000 people)",SH.TBS.MORT,-0.006282196539728798,0.019305456839274527
485,"Population ages 60-64, male (% of male population)",SP.POP.6064.MA.5Y,-0.0061732451869916756,0.026005079894301262
779,"Population ages 80 and above, male",SP.POP.80UP.MA,-0.006154368093147333,0.021065723308739612
651,"Voice and Accountability: Percentile Rank, Lower Bound of 90% Confidence Interval",VA.PER.RNK.LOWER,-0.006106080263815076,0.1286642598602356
2,"Access to clean fuels and technologies for cooking, urban (% of urban population)",EG.CFT.ACCS.UR.ZS,-0.006059648960312286,0.01844929840613496
231,Gross domestic savings (% of GDP),NY.GDS.TOTL.ZS,-0.006053160706904086,0.1500801120400347
366,"Mortality from CVD, cancer, diabetes or CRD between exact ages 30 and 70, female (%)",SH.DYN.NCOM.FE.ZS,-0.006005001163201238,0.048491755608464415
668,"Age population, age 01, male, interpolated",SP.POP.AG01.MA.IN,-0.00585183464090653,0.07828647154631388
156,Fertilizer consumption (kilograms per hectare of arable land),AG.CON.FERT.ZS,-0.005848684051879066,0.13459058300511462
271,Imports of goods and services (constant 2015 US$),NE.IMP.GNFS.KD,-0.005822374854714161,0.04798959209986947
98,Cost of business start-up procedures (% of GNI per capita),IC.REG.COST.PC.ZS,-0.005717985098670852,0.027632615110956313
89,"Contributing family workers, female (% of female employment) (modeled ILO estimate)",SL.FAM.WORK.FE.ZS,-0.0056981519062392245,0.01939035771528782
154,"External health expenditure per capita, PPP (current international $)",SH.XPD.EHEX.PP.CD,-0.005696837088100514,0.013208064755079766
715,"Age population, age 25, female, interpolated",SP.POP.AG25.FE.IN,-0.005679912286496141,0.0384836515029868
382,"Net bilateral aid flows from DAC donors, Canada (current US$)",DC.DAC.CANL.CD,-0.005664676749792333,0.02119182157761841
252,Households and NPISHs Final consumption expenditure (current US$),NE.CON.PRVT.CD,-0.005656315670532076,0.024312368399794365
112,Domestic general government health expenditure (% of current health expenditure),SH.XPD.GHED.CH.ZS,-0.005649840076501134,0.05821444234106498
376,"Mortality rate, neonatal (per 1,000 live births)",SH.DYN.NMRT,-0.005646427110174825,0.12015290579631616
219,Government Effectiveness: Number of Sources,GE.NO.SRC,-0.0056079352623065295,0.027392982858642296
194,"GDP, PPP (constant 2017 international $)",NY.GDP.MKTP.PP.KD,-0.005596459476172963,0.028786557511281275
298,"Labor force participation rate for ages 15-24, female (%) (modeled ILO estimate)",SL.TLF.ACTI.1524.FE.ZS,-0.005524970521996611,0.0718404476436924
580,Scientific and technical journal articles,IP.JRN.ARTC.SC,-0.00545165835012029,0.05772176268243541
509,"PPP conversion factor, GDP (LCU per international $)",PA.NUS.PPP,-0.005424085326631045,0.017415758185440354
211,"GNI per capita, PPP (current international $)",NY.GNP.PCAP.PP.CD,-0.0054178701254564915,0.0497074560837633
529,"Primary income receipts (BoP, current US$)",BX.GSR.FCTY.CD,-0.00536709277951247,0.09335539466117464
735,"Number of deaths ages 20-24 years, female",SH.DTH.2024.FE,-0.005324811163962508,0.07632192122307546
593,"Services, value added (constant LCU)",NV.SRV.TOTL.KN,-0.00531964380001644,0.01341578130733533
434,"People using at least basic sanitation services, rural (% of rural population)",SH.STA.BASS.RU.ZS,-0.005298339837829166,0.07839940028181495
584,"Secondary income, other sectors, payments (BoP, current US$)",BM.TRF.PRVT.CD,-0.005290261403312983,0.03383160659836744
678,"Age population, age 06, male, interpolated",SP.POP.AG06.MA.IN,-0.005261064556380376,0.03773720445960829
365,"Mortality from CVD, cancer, diabetes or CRD between exact ages 30 and 70 (%)",SH.DYN.NCOM.ZS,-0.00522930071047313,0.03655193861040176
70,CO2 emissions (kg per PPP $ of GDP),EN.ATM.CO2E.PP.GD,-0.005093367711497562,0.02413885541767119
426,"Out-of-pocket expenditure per capita, PPP (current international $)",SH.XPD.OOPC.PP.CD,-0.005048470968415511,0.017655145411997784
774,"Population ages 70-74, female",SP.POP.7074.FE,-0.005043112627307398,0.05154490117584235
361,Mobile cellular subscriptions,IT.CEL.SETS,-0.005017343921246658,0.027183673849183382
588,"Service exports (BoP, current US$)",BX.GSR.NFSV.CD,-0.005000423945737825,0.01803159150785101
443,Political Stability and Absence of Violence/Terrorism: Number of Sources,PV.NO.SRC,-0.004976537775373155,0.027221921987023872
380,Natural gas rents (% of GDP),NY.GDP.NGAS.RT.ZS,-0.0049650419735364605,0.0550396321129719
143,Exports of goods and services (annual % growth),NE.EXP.GNFS.KD.ZG,-0.004881021344305302,0.07318951128924557
592,"Services, value added (constant 2015 US$)",NV.SRV.TOTL.KD,-0.004850608477106132,0.058714679128354
354,Merchandise trade (% of GDP),TG.VAL.TOTL.GD.ZS,-0.0048470787236640405,0.028769245898163463
155,"Fertility rate, total (births per woman)",SP.DYN.TFRT.IN,-0.004834357316058757,0.06460495011767652
349,Merchandise imports from low- and middle-income economies in Latin America & the Caribbean (% of total merchandise imports),TM.VAL.MRCH.R3.ZS,-0.004826988703491013,0.031000265542614303
742,"Number of under-five deaths, female",SH.DTH.MORT.FE,-0.004776012818860415,0.047454174170917046
357,Military expenditure (% of GDP),MS.MIL.XPND.GD.ZS,-0.004732123116903764,0.06120279023772358
372,"Mortality rate, adult, male (per 1,000 male adults)",SP.DYN.AMRT.MA,-0.004722086366920937,0.08981032810810202
221,"Government Effectiveness: Percentile Rank, Lower Bound of 90% Confidence Interval",GE.PER.RNK.LOWER,-0.004702285594409938,0.02180064413145471
339,Merchandise exports to low- and middle-income economies in South Asia (% of total merchandise exports),TX.VAL.MRCH.R5.ZS,-0.004678110274109373,0.026500115551983557
72,CO2 emissions (metric tons per capita),EN.ATM.CO2E.PC,-0.004667929171110245,0.01281111193046383
795,"Public spending on education, total (% of GDP)",SE.XPD.TOTL.GD.ZS,-0.004666869944336722,0.012401103808824407
171,"Foreign direct investment, net inflows (BoP, current US$)",BX.KLT.DINV.CD.WD,-0.004601072831422152,0.16996550714601844
751,"Population ages 10-14, male",SP.POP.1014.MA,-0.0045914327329836645,0.011854428201605172
524,"Primary education, pupils",SE.PRM.ENRL,-0.00457219166664875,0.018505646256106286
512,Prevalence of anemia among children (% of children ages 6-59 months),SH.ANM.CHLD.ZS,-0.004530863276348312,0.09108231410795209
741,Number of stillbirths,SH.DTH.STLB,-0.004513938866523253,0.09190354107258815
534,"Probability of dying among children ages 5-9 years (per 1,000)",SH.DYN.0509,-0.004505577212319952,0.04217204326023724
381,Net barter terms of trade index (2015 = 100),TT.PRI.MRCH.XD.WD,-0.004478874948226954,0.05039782337857652
78,CO2 emissions from solid fuel consumption (kt),EN.ATM.CO2E.SF.KT,-0.004478138496711509,0.01573773204631334
126,Employment in industry (% of total employment) (modeled ILO estimate),SL.IND.EMPL.ZS,-0.004404416094764772,0.026423774180986778
532,"Probability of dying among adolescents ages 10-14 years (per 1,000)",SH.DYN.1014,-0.004367264394376631,0.08279842488186953
585,"Self-employed, female (% of female employment) (modeled ILO estimate)",SL.EMP.SELF.FE.ZS,-0.004339689586114865,0.018365284863514547
737,"Number of deaths ages 5-9 years, female",SH.DTH.0509.FE,-0.004326762637162844,0.09486443540286638
399,Net official development assistance received (current US$),DT.ODA.ODAT.CD,-0.0043154682168802545,0.02774719538652145
783,"Prevalence of hypertension, male (% of male adults ages 30-79)",SH.HTN.PREV.MA.ZS,-0.004306454926528511,0.02758228079684068
24,Adjusted savings: net national savings (% of GNI),NY.ADJ.NNAT.GN.ZS,-0.004291690948617983,0.07255286082947206
195,"GDP, PPP (current international $)",NY.GDP.MKTP.PP.CD,-0.0042365866162044335,0.03163613772066524
756,"Population ages 25-29, female",SP.POP.2529.FE,-0.004146879376065126,0.04258446441618124
682,"Age population, age 08, male, interpolated",SP.POP.AG08.MA.IN,-0.004104499079274723,0.07202773869375008
659,"Wage and salaried workers, total (% of total employment) (modeled ILO estimate)",SL.EMP.WORK.ZS,-0.0040992881403716696,0.07619470492041422
632,"Transport services (% of service imports, BoP)",BM.GSR.TRAN.ZS,-0.004050598052011678,0.014062259870714978
587,"Self-employed, total (% of total employment) (modeled ILO estimate)",SL.EMP.SELF.ZS,-0.004038824877099204,0.009123507035246543
161,Final consumption expenditure (current US$),NE.CON.TOTL.CD,-0.00403751700028425,0.009225633712730347
541,Ratio of female to male labor force participation rate (%) (modeled ILO estimate),SL.TLF.CACT.FM.ZS,-0.004011108266031609,0.018612666828408734
289,"Insurance and financial services (% of service exports, BoP)",BX.GSR.INSF.ZS,-0.003944248840659541,0.06382042989076213
263,"Immunization, HepB3 (% of one-year-old children)",SH.IMM.HEPB,-0.003909480567554832,0.02092478552679895
685,"Age population, age 10, female, interpolated",SP.POP.AG10.FE.IN,-0.003908775617734542,0.013957104421732584
140,Export value index (2015 = 100),TX.VAL.MRCH.XD.WD,-0.0038841143301378226,0.10908143650657645
347,Merchandise imports from low- and middle-income economies in East Asia & Pacific (% of total merchandise imports),TM.VAL.MRCH.R1.ZS,-0.0038748282670346052,0.04251397506493094
281,"Industry (including construction), value added (current LCU)",NV.IND.TOTL.CN,-0.0038623928774332993,0.030101336553817425
684,"Age population, age 09, male, interpolated",SP.POP.AG09.MA.IN,-0.003807814252422959,0.01516138720978637
734,"Number of deaths ages 15-19 years, male",SH.DTH.1519.MA,-0.0037780691635600793,0.11644831046783542
667,"Age population, age 01, female, interpolated",SP.POP.AG01.FE.IN,-0.0037766537468723847,0.1748977373049615
438,"Personal remittances, paid (current US$)",BM.TRF.PWKR.CD.DT,-0.003740589120128733,0.062490135207945684
393,Net migration,SM.POP.NETM,-0.0037098117188685844,0.11359365889094136
336,Merchandise exports to low- and middle-income economies in Europe & Central Asia (% of total merchandise exports),TX.VAL.MRCH.R2.ZS,-0.0036935968655696814,0.022568952091021926
16,Adjusted savings: energy depletion (% of GNI),NY.ADJ.DNGY.GN.ZS,-0.0036876058080760384,0.031940564121116136
508,"Portfolio equity, net inflows (BoP, current US$)",BX.PEF.TOTL.CD.WD,-0.003673493616078754,0.017630373552209058
233,Gross domestic savings (current US$),NY.GDS.TOTL.CD,-0.00366757425698262,0.048806983294606844
530,Primary school starting age (years),SE.PRM.AGES,-0.003600886181772658,0.09805464334359378
555,Rule of Law: Estimate,RL.EST,-0.0035747343427495327,0.0936980860406119
235,Gross fixed capital formation (annual % growth),NE.GDI.FTOT.KD.ZG,-0.003550209889985546,0.01936126400719975
315,Lifetime risk of maternal death (%),SH.MMR.RISK.ZS,-0.0035467151866392112,0.01735216009776592
602,"Suicide mortality rate (per 100,000 population)",SH.STA.SUIC.P5,-0.0034307941822065333,0.008508374688498072
385,"Net bilateral aid flows from DAC donors, Germany (current US$)",DC.DAC.DEUL.CD,-0.0034274013581855893,0.023015779144045928
257,Households and NPISHs final consumption expenditure: linked series (current LCU),NE.CON.PRVT.CN.AD,-0.0034230247729744256,0.011381206460015135
526,"Primary education, teachers",SE.PRM.TCHR,-0.003412274989755068,0.10162922506289457
63,Capture fisheries production (metric tons),ER.FSH.CAPT.MT,-0.0033948187391187705,0.016885370314877357
719,"Immunization, Hib3 (% of children ages 12-23 months)",SH.IMM.HIB3,-0.003344559062411152,0.030644826936493237
105,Current health expenditure per capita (current US$),SH.XPD.CHEX.PC.CD,-0.00333726919298389,0.007500591995225055
403,Net primary income (Net income from abroad) (current US$),NY.GSR.NFCY.CD,-0.0032796325571284404,0.08255039322442992
660,"Water productivity, total (constant 2015 US$ GDP per cubic meter of total freshwater withdrawal)",ER.GDP.FWTL.M3.KD,-0.003275803449239674,0.04957661073910418
297,"International tourism, receipts for travel items (current US$)",ST.INT.TVLR.CD,-0.0032694240373004665,0.09375377467784426
749,"Population ages 05-09, male",SP.POP.0509.MA,-0.0032502191898376685,0.010879853071493514
25,Adjusted savings: particulate emission damage (% of GNI),NY.ADJ.DPEM.GN.ZS,-0.0032269450177426886,0.03237097811444616
558,"Rule of Law: Percentile Rank, Lower Bound of 90% Confidence Interval",RL.PER.RNK.LOWER,-0.0032261701176117394,0.015359151992321277
442,Political Stability and Absence of Violence/Terrorism: Estimate,PV.EST,-0.0032103066138564253,0.021719879004197983
750,"Population ages 10-14, female",SP.POP.1014.FE,-0.0031711328557840557,0.015375426996396746
510,"PPP conversion factor, private consumption (LCU per international $)",PA.NUS.PRVT.PP,-0.0030774822279606723,0.06216520737934471
278,"Industry (including construction), value added (annual % growth)",NV.IND.TOTL.KD.ZG,-0.0030647421377038076,0.061582272223909384
629,Transport services (% of commercial service exports),TX.VAL.TRAN.ZS.WT,-0.0030501798070764375,0.10136141386261437
459,"Population ages 10-14, male (% of male population)",SP.POP.1014.MA.5Y,-0.003018386395667053,0.03643877904110491
484,"Population ages 60-64, female (% of female population)",SP.POP.6064.FE.5Y,-0.002997208731873619,0.02494217817653825
440,"Personal remittances, received (current US$)",BX.TRF.PWKR.CD.DT,-0.0029805099720453033,0.012146161593730852
437,Permanent cropland (% of land area),AG.LND.CROP.ZS,-0.002977299328070275,0.011486201603094466
394,Net ODA received (% of GNI),DT.ODA.ODAT.GN.ZS,-0.002912559987590617,0.017443118507437377
743,"Number of under-five deaths, male",SH.DTH.MORT.MA,-0.0029079800311284545,0.01243896068379798
152,External health expenditure (% of current health expenditure),SH.XPD.EHEX.CH.ZS,-0.002904875067628622,0.030582405367012896
736,"Number of deaths ages 20-24 years, male",SH.DTH.2024.MA,-0.0028947776658326567,0.058269523657990666
436,People using safely managed sanitation services (% of population),SH.STA.SMSS.ZS,-0.0028832368536189793,0.010695448002555811
183,GDP deflator (base year varies by country),NY.GDP.DEFL.ZS,-0.002867279224301204,0.0830581295579125
665,"Age population, age 00, female, interpolated",SP.POP.AG00.FE.IN,-0.0028463505646799912,0.06343139322440992
383,"Net bilateral aid flows from DAC donors, European Union institutions (current US$)",DC.DAC.CECL.CD,-0.002811297949711273,0.08274332680062979
374,"Mortality rate, infant, female (per 1,000 live births)",SP.DYN.IMRT.FE.IN,-0.0028023003290532766,0.02475515050910546
102,Current account balance (% of GDP),BN.CAB.XOKA.GD.ZS,-0.00277791224286468,0.020431597500943817
103,"Current account balance (BoP, current US$)",BN.CAB.XOKA.CD,-0.002733160671143047,0.09370343660137086
19,Adjusted savings: mineral depletion (% of GNI),NY.ADJ.DMIN.GN.ZS,-0.0026918557396618634,0.06591620672822254
676,"Age population, age 05, male, interpolated",SP.POP.AG05.MA.IN,-0.0026834420787168562,0.04703591185554874
253,Households and NPISHs Final consumption expenditure per capita (constant 2015 US$),NE.CON.PRVT.PC.KD,-0.0026818876139014266,0.008086926555391385
552,Renewable internal freshwater resources per capita (cubic meters),ER.H2O.INTR.PC,-0.0026774443914731843,0.039157706166768655
787,"Probability of dying among adolescents ages 10-19 years, female (per 1,000)",SH.DYN.1019.FE,-0.0026625637244064556,0.04899562196736133
116,"Domestic general government health expenditure per capita, PPP (current international $)",SH.XPD.GHED.PP.CD,-0.002653146276476046,0.09180035785106097
85,"Compulsory education, duration (years)",SE.COM.DURS,-0.0026167426605738044,0.11528245497418868
621,Total greenhouse gas emissions (kt of CO2 equivalent),EN.ATM.GHGT.KT.CE,-0.0026042386717828464,0.033828855493863524
752,"Population ages 15-19, female",SP.POP.1519.FE,-0.002591383723628935,0.022635021205077488
448,"Population ages 00-04, female (% of female population)",SP.POP.0004.FE.5Y,-0.0025696005030140375,0.02580214231727277
730,Number of deaths ages 10-19 years,SH.DTH.1019,-0.0025661192914640733,0.023658304858655096
294,"International tourism, number of arrivals",ST.INT.ARVL,-0.002541779990492415,0.013392422764025028
410,Nitrous oxide emissions in energy sector (thousand metric tons of CO2 equivalent),EN.ATM.NOXE.EG.KT.CE,-0.0025393592040752317,0.06463718088858256
645,Urban population,SP.URB.TOTL,-0.0025379716291438377,0.0076548327431032485
124,"Employment in agriculture, female (% of female employment) (modeled ILO estimate)",SL.AGR.EMPL.FE.ZS,-0.002536778832626605,0.024126024624497706
563,Rural population growth (annual %),SP.RUR.TOTL.ZG,-0.002529011244424196,0.011849697084001352
153,External health expenditure per capita (current US$),SH.XPD.EHEX.PC.CD,-0.00247087360919179,0.025092829552973636
323,"Manufacturing, value added (% of GDP)",NV.IND.MANF.ZS,-0.002465030617243743,0.01667263215109507
69,CO2 emissions (kg per 2017 PPP $ of GDP),EN.ATM.CO2E.PP.GD.KD,-0.002433197013453335,0.019175983045244153
215,GNI: linked series (current LCU),NY.GNP.MKTP.CN.AD,-0.0024114432914811254,0.005992996810056657
527,"Primary education, teachers (% female)",SE.PRM.TCHR.FE.ZS,-0.002370028962669444,0.011993570502195605
664,"Age dependency ratio, young",SP.POP.DPND.YG,-0.002368733055865263,0.06374780080910404
596,"Services, value added per worker (constant 2015 US$)",NV.SRV.EMPL.KD,-0.0023542412156344213,0.09685362582620426
578,"School enrollment, tertiary (gross), gender parity index (GPI)",SE.ENR.TERT.FM.ZS,-0.002341392815595021,0.02308940989992857
579,"School enrollment, tertiary, male (% gross)",SE.TER.ENRR.MA,-0.0023138263503761883,0.011231833915890744
334,Merchandise exports to high-income economies (% of total merchandise exports),TX.VAL.MRCH.HI.ZS,-0.0022730110620510406,0.08859884760367559
695,"Age population, age 15, female, interpolated",SP.POP.AG15.FE.IN,-0.002229612582171492,0.07107641667123955
726,"Mortality rate, under-5, female (per 1,000)",SH.DYN.MORT.FE,-0.0021955949451212494,0.029330861630107802
435,"People using at least basic sanitation services, urban (% of urban population)",SH.STA.BASS.UR.ZS,-0.002193618833388375,0.021509539812182524
311,Land under cereal production (hectares),AG.LND.CREL.HA,-0.0021772292305642415,0.01670393457277762
652,"Voice and Accountability: Percentile Rank, Upper Bound of 90% Confidence Interval",VA.PER.RNK.UPPER,-0.002171823582732478,0.04564954867867655
482,"Population ages 55-59, female (% of female population)",SP.POP.5559.FE.5Y,-0.0021308208205722723,0.020986432531999128
101,Crop production index (2014-2016 = 100),AG.PRD.CROP.XD,-0.00211756481081039,0.15146722771134352
137,"Employment to population ratio, ages 15-24, total (%) (modeled ILO estimate)",SL.EMP.1524.SP.ZS,-0.002098414861368395,0.08308309057307059
539,Proportion of seats held by women in national parliaments (%),SG.GEN.PARL.ZS,-0.002083784218338427,0.02359553590753939
479,"Population ages 45-49, male (% of male population)",SP.POP.4549.MA.5Y,-0.002040121820370131,0.009260258311942052
607,"Survival to age 65, male (% of cohort)",SP.DYN.TO65.MA.ZS,-0.0020376041883128537,0.013692871723615517
196,GDP: linked series (current LCU),NY.GDP.MKTP.CN.AD,-0.002037116693204008,0.011799595465565152
28,Age dependency ratio (% of working-age population),SP.POP.DPND,-0.002000427294050096,0.037812602730805625
413,Number of deaths ages 20-24 years,SH.DTH.2024,-0.0019949099170253845,0.12248451406413302
511,"Preprimary education, duration (years)",SE.PRE.DURS,-0.001988309234745303,0.12702341985522764
799,"Treatment for hypertension, male (% of male adults ages 30-79 with hypertension)",SH.HTN.TRET.MA.ZS,-0.0019676758318155317,0.027413188359559044
557,Rule of Law: Percentile Rank,RL.PER.RNK,-0.001956962504455345,0.01956801689479802
760,"Population ages 35-39, female",SP.POP.3539.FE,-0.0019490374738287731,0.015681054865025586
54,Arable land (hectares per person),AG.LND.ARBL.HA.PC,-0.0019484576959393778,0.005830779506213171
720,"Immunization, Pol3 (% of one-year-old children)",SH.IMM.POL3,-0.0019344092998931862,0.01211372677618729
439,"Personal remittances, received (% of GDP)",BX.TRF.PWKR.DT.GD.ZS,-0.0018680344694568414,0.012603735834301258
414,Number of deaths ages 5-9 years,SH.DTH.0509,-0.0017983492372522698,0.01726270744362867
23,Adjusted savings: net forest depletion (current US$),NY.ADJ.DFOR.CD,-0.0017922631481005742,0.07316164954889637
693,"Age population, age 14, female, interpolated",SP.POP.AG14.FE.IN,-0.0017829052439255761,0.012240051761399503
803,"Unemployment, total (% of total labor force)",SL.UEM.TOTL.ZS,-0.0017786514038406127,0.030218682334680724
145,Exports of goods and services (constant 2015 US$),NE.EXP.GNFS.KD,-0.001777136462629334,0.1064191523018129
251,Households and NPISHs Final consumption expenditure (current LCU),NE.CON.PRVT.CN,-0.0017728644309165506,0.0038496157604493196
797,Treatment for hypertension (% of adults ages 30-79 with hypertension),SH.HTN.TRET.ZS,-0.0017664883865803824,0.013266125597079913
739,"Number of infant deaths, female",SH.DTH.IMRT.FE,-0.001760125189991192,0.012804676897647069
82,Commercial service imports (current US$),TM.VAL.SERV.CD.WT,-0.0017563471692665083,0.0044865855915564214
93,Control of Corruption: Number of Sources,CC.NO.SRC,-0.001742912178892388,0.007237705707649863
605,Surface area (sq. km),AG.SRF.TOTL.K2,-0.001742272291644249,0.012963673014613404
522,"Primary completion rate, total (% of relevant age group)",SE.PRM.CMPT.ZS,-0.0017249298086862521,0.03837840665453201
324,"Manufacturing, value added (annual % growth)",NV.IND.MANF.KD.ZG,-0.0017098574857901643,0.04589160815980917
547,"Regulatory Quality: Percentile Rank, Lower Bound of 90% Confidence Interval",RQ.PER.RNK.LOWER,-0.0017063215582606185,0.004865388120652603
613,Time required to enforce a contract (days),IC.LGL.DURS,-0.0016529062127103706,0.0060681499366003425
546,Regulatory Quality: Percentile Rank,RQ.PER.RNK,-0.001616231226338348,0.09563102144004434
350,Merchandise imports from low- and middle-income economies in Middle East & North Africa (% of total merchandise imports),TM.VAL.MRCH.R4.ZS,-0.001615945880668097,0.022420419704437883
738,"Number of deaths ages 5-9 years, male",SH.DTH.0509.MA,-0.0016136700619711391,0.07160477077514973
528,"Primary income payments (BoP, current US$)",BM.GSR.FCTY.CD,-0.00161179814749424,0.09214916900865358
683,"Age population, age 09, female, interpolated",SP.POP.AG09.FE.IN,-0.0015563630481992905,0.0196807559084398
80,"Commercial bank branches (per 100,000 adults)",FB.CBK.BRCH.P5,-0.0015381353886338854,0.0042779704168099154
449,"Population ages 00-04, male (% of male population)",SP.POP.0004.MA.5Y,-0.001533068566088168,0.023811211384805173
755,"Population ages 20-24, male",SP.POP.2024.MA,-0.0014893259526564792,0.006219206885170182
190,GDP per capita growth (annual %),NY.GDP.PCAP.KD.ZG,-0.0014832958447679922,0.031484696657114834
312,"Life expectancy at birth, female (years)",SP.DYN.LE00.FE.IN,-0.00147575205885248,0.012287313740423099
67,"Claims on central government, etc. (% GDP)",FS.AST.CGOV.GD.ZS,-0.0014709315777988266,0.006990963352284821
199,General government final consumption expenditure (constant 2015 US$),NE.CON.GOVT.KD,-0.001434414465934866,0.023655472595377054
337,Merchandise exports to low- and middle-income economies in Latin America & the Caribbean (% of total merchandise exports),TX.VAL.MRCH.R3.ZS,-0.0014194184053638453,0.03685230105192344
553,"Renewable internal freshwater resources, total (billion cubic meters)",ER.H2O.INTR.K3,-0.001411440464137589,0.004208699828553193
131,"Employment in services, male (% of male employment) (modeled ILO estimate)",SL.SRV.EMPL.MA.ZS,-0.0014075475025001384,0.0357677730096315
71,CO2 emissions (kt),EN.ATM.CO2E.KT,-0.0013902385168120387,0.005112452706793331
396,Net official development assistance and official aid received (constant 2020 US$),DT.ODA.ALLD.KD,-0.0013810645413798043,0.13508808040393372
232,Gross domestic savings (current LCU),NY.GDS.TOTL.CN,-0.0013758914936372146,0.048632823646394714
245,Gross value added at basic prices (GVA) (constant LCU),NY.GDP.FCST.KN,-0.0013733237910044925,0.012047981517946877
746,"Population ages 00-04, male",SP.POP.0004.MA,-0.0013529618674595234,0.06385654100239302
714,"Age population, age 24, male, interpolated",SP.POP.AG24.MA.IN,-0.0013374455012125422,0.21558719875276097
52,Aquaculture production (metric tons),ER.FSH.AQUA.MT,-0.0013296587259695337,0.0041222599688211835
400,"Net official flows from UN agencies, UNDP (current US$)",DT.NFL.UNDP.CD,-0.0012874818023178199,0.030195638636094486
258,ICT goods exports (% of total goods exports),TX.VAL.ICTG.ZS.UN,-0.001269223999014938,0.007943445911240151
48,"Annual freshwater withdrawals, domestic (% of total freshwater withdrawal)",ER.H2O.FWDM.ZS,-0.0012581414626845634,0.007160346625340096
480,"Population ages 50-54, female (% of female population)",SP.POP.5054.FE.5Y,-0.0012452604553287836,0.010118538096613361
304,"Labor force participation rate, male (% of male population ages 15-64) (modeled ILO estimate)",SL.TLF.ACTI.MA.ZS,-0.0012379397376076913,0.00871588462976147
228,Gross capital formation (constant 2015 US$),NE.GDI.TOTL.KD,-0.0012338887758437736,0.060004663287636845
99,"Cost of business start-up procedures, female (% of GNI per capita)",IC.REG.COST.PC.FE.ZS,-0.0012306883954705458,0.008292734435834283
561,Rural population,SP.RUR.TOTL,-0.0011714857650643872,0.00749131894721948
544,Regulatory Quality: Estimate,RQ.EST,-0.0011665929254612876,0.0251056876564782
58,"Automated teller machines (ATMs) (per 100,000 adults)",FB.ATM.TOTL.P5,-0.0011629223090638835,0.004969279762650917
166,Food exports (% of merchandise exports),TX.VAL.FOOD.ZS.UN,-0.0011407068278630986,0.07456566341703386
113,Domestic general government health expenditure (% of GDP),SH.XPD.GHED.GD.ZS,-0.0011383272043056713,0.03656086538831141
1,"Access to clean fuels and technologies for cooking, rural (% of rural population)",EG.CFT.ACCS.RU.ZS,-0.0011374650740031587,0.0455457232613211
331,Merchandise exports by the reporting economy (current US$),TX.VAL.MRCH.WL.CD,-0.0011177622043582428,0.016166309783584996
225,"Government expenditure on education, total (% of government expenditure)",SE.XPD.TOTL.GB.ZS,-0.0010762081507362427,0.003630851006230273
83,"Communications, computer, etc. (% of service exports, BoP)",BX.GSR.CMCP.ZS,-0.0010610551241064137,0.004937183699959494
114,Domestic general government health expenditure (% of general government expenditure),SH.XPD.GHED.GE.ZS,-0.0010551236741509309,0.014071256175745091
49,"Annual freshwater withdrawals, industry (% of total freshwater withdrawal)",ER.H2O.FWIN.ZS,-0.0010460904392270588,0.006012800404230689
314,"Life expectancy at birth, total (years)",SP.DYN.LE00.IN,-0.0010426235351891375,0.07246292061102155
74,CO2 emissions from gaseous fuel consumption (kt),EN.ATM.CO2E.GF.KT,-0.0010310481387091417,0.004630887134592691
227,Gross capital formation (annual % growth),NE.GDI.TOTL.KD.ZG,-0.001001562055075172,0.0033934949892602665
91,"Contributing family workers, total (% of total employment) (modeled ILO estimate)",SL.FAM.WORK.ZS,-0.000967133402442777,0.007807637752869921
132,"Employment to population ratio, 15+, female (%) (modeled ILO estimate)",SL.EMP.TOTL.SP.FE.ZS,-0.0009478014398938188,0.05009349786986172
727,"Mortality rate, under-5, male (per 1,000)",SH.DYN.MORT.MA,-0.000890677208193689,0.00509328737910379
121,"Employers, male (% of male employment) (modeled ILO estimate)",SL.EMP.MPYR.MA.ZS,-0.0008890708190781523,0.022648920043763184
723,"Mortality caused by road traffic injury, female (per 100,000 female population)",SH.STA.TRAF.FE.P5,-0.000862296050432016,0.01710357722282706
51,"Annual freshwater withdrawals, total (billion cubic meters)",ER.H2O.FWTL.K3,-0.0008568462324618996,0.003912312804841341
90,"Contributing family workers, male (% of male employment) (modeled ILO estimate)",SL.FAM.WORK.MA.ZS,-0.000856567708526265,0.047660650546958845
295,"International tourism, receipts (% of total exports)",ST.INT.RCPT.XP.ZS,-0.0008346886525161494,0.009267183206988728
576,"School enrollment, secondary, male (% gross)",SE.SEC.ENRR.MA,-0.0008275809779033037,0.056997104207602234
21,Adjusted savings: natural resources depletion (% of GNI),NY.ADJ.DRES.GN.ZS,-0.0008166226599877633,0.031552600633158866
451,"Population ages 0-14, female",SP.POP.0014.FE.IN,-0.0008026955426545819,0.02807902201496852
209,"GNI per capita, Atlas method (current US$)",NY.GNP.PCAP.CD,-0.0008005340557232716,0.007733467706980084
32,Agricultural land (sq. km),AG.LND.AGRI.K2,-0.0007896018266863375,0.043214807115771726
243,Gross savings (% of GNI),NY.GNS.ICTR.GN.ZS,-0.0007760059592691655,0.02862503827423479
40,"Agriculture, forestry, and fishing, value added (constant LCU)",NV.AGR.TOTL.KN,-0.0007752406421754396,0.003859159932552881
345,Merchandise imports from economies in the Arab World (% of total merchandise imports),TM.VAL.MRCH.AL.ZS,-0.0007563299419033722,0.007157244507902149
408,"Net trade in goods and services (BoP, current US$)",BN.GSR.GNFS.CD,-0.0007440197062988907,0.14327642680284788
343,Merchandise imports by the reporting economy (current US$),TM.VAL.MRCH.WL.CD,-0.0006852978746842518,0.015363295737020697
123,Employment in agriculture (% of total employment) (modeled ILO estimate),SL.AGR.EMPL.ZS,-0.00068295434625073,0.010397278005008087
617,"Time required to start a business, male (days)",IC.REG.DURS.MA,-0.0006558658314230362,0.00505652705851089
265,Import unit value index (2015 = 100),TM.UVI.MRCH.XD.WD,-0.0006448272061617015,0.00566141498163417
134,"Employment to population ratio, 15+, total (%) (modeled ILO estimate)",SL.EMP.TOTL.SP.ZS,-0.0006404755097631449,0.08414724072276705
163,Fixed broadband subscriptions (per 100 people),IT.NET.BBND.P2,-0.0006067156375252481,0.0012672839479291617
405,Net secondary income (Net current transfers from abroad) (current LCU),NY.TRF.NCTR.CN,-0.0006030938803734884,0.09474639065543707
255,"Households and NPISHs Final consumption expenditure, PPP (constant 2017 international $)",NE.CON.PRVT.PP.KD,-0.0005967347279635647,0.014158368803121405
604,"Suicide mortality rate, male (per 100,000 male population)",SH.STA.SUIC.MA.P5,-0.0005837800339623041,0.07862341082537402
633,Travel services (% of commercial service exports),TX.VAL.TRVL.ZS.WT,-0.0005837495120028543,0.01649472560436536
222,"Government Effectiveness: Percentile Rank, Upper Bound of 90% Confidence Interval",GE.PER.RNK.UPPER,-0.0005806189348090489,0.0690209791367975
335,Merchandise exports to low- and middle-income economies in East Asia & Pacific (% of total merchandise exports),TX.VAL.MRCH.R1.ZS,-0.0005668114160665831,0.05834210236969591
504,"Population, female (% of total population)",SP.POP.TOTL.FE.ZS,-0.0005645846939669689,0.006183317772197566
133,"Employment to population ratio, 15+, male (%) (modeled ILO estimate)",SL.EMP.TOTL.SP.MA.ZS,-0.000551123560425496,0.0124952578305918
424,Out-of-pocket expenditure (% of current health expenditure),SH.XPD.OOPC.CH.ZS,-0.0005371659564000128,0.06792084636883149
92,Control of Corruption: Estimate,CC.EST,-0.0005233347898031325,0.020973145463322726
569,"School enrollment, primary and secondary (gross), gender parity index (GPI)",SE.ENR.PRSC.FM.ZS,-0.00048508899669649324,0.008232440977387406
670,"Age population, age 02, male, interpolated",SP.POP.AG02.MA.IN,-0.0004791820596837995,0.06750207624877946
42,"Agriculture, forestry, and fishing, value added (current US$)",NV.AGR.TOTL.CD,-0.0004592625001465909,0.0037041761208391564
586,"Self-employed, male (% of male employment) (modeled ILO estimate)",SL.EMP.SELF.MA.ZS,-0.0004544533626468642,0.016023079554100834
500,Population density (people per sq. km of land area),EN.POP.DNST,-0.00045162384686730757,0.0004974677535860804
367,"Mortality from CVD, cancer, diabetes or CRD between exact ages 30 and 70, male (%)",SH.DYN.NCOM.MA.ZS,-0.00044881832873978585,0.01495951767048321
389,Net domestic credit (current LCU),FM.AST.DOMS.CN,-0.0004426847494810194,0.03183517634756746
300,"Labor force participation rate for ages 15-24, total (%) (modeled ILO estimate)",SL.TLF.ACTI.1524.ZS,-0.00039769102741427564,0.0029785333655335307
95,"Control of Corruption: Percentile Rank, Lower Bound of 90% Confidence Interval",CC.PER.RNK.LOWER,-0.00039477472844576234,0.010012617286342295
269,Imports of goods and services (annual % growth),NE.IMP.GNFS.KD.ZG,-0.0003928720855253321,0.011245768429266147
282,"Industry (including construction), value added (current US$)",NV.IND.TOTL.CD,-0.00037785457147742523,0.01796301353303315
305,"Labor force participation rate, total (% of total population ages 15+) (modeled ILO estimate)",SL.TLF.CACT.ZS,-0.00036676591997444896,0.007362061763293902
502,Population in the largest city (% of urban population),EN.URB.LCTY.UR.ZS,-0.0003406989487514035,0.0668891615683517
481,"Population ages 50-54, male (% of male population)",SP.POP.5054.MA.5Y,-0.0003115213347043203,0.007788256812297161
177,Fuel exports (% of merchandise exports),TX.VAL.FUEL.ZS.UN,-0.0002892979587476647,0.02015447097363496
505,"Population, male",SP.POP.TOTL.MA.IN,-0.00027251488145345435,0.06318073181814107
559,"Rule of Law: Percentile Rank, Upper Bound of 90% Confidence Interval",RL.PER.RNK.UPPER,-0.0002697821045743475,0.021234877419572838
669,"Age population, age 02, female, interpolated",SP.POP.AG02.FE.IN,-0.00026623231753162776,0.023189582315403596
661,Women Business and the Law Index Score (scale 1-100),SG.LAW.INDX,-0.0002611309250719727,0.11563811141946291
706,"Age population, age 20, male, interpolated",SP.POP.AG20.MA.IN,-0.00025872027129777563,0.024879374207439492
711,"Age population, age 23, female, interpolated",SP.POP.AG23.FE.IN,-0.00022092550809415075,0.010446421479945175
18,Adjusted savings: gross savings (% of GNI),NY.ADJ.ICTR.GN.ZS,-0.00021443560828798966,0.01588456834997937
680,"Age population, age 07, male, interpolated",SP.POP.AG07.MA.IN,-0.0002040267565133985,0.0841901605414764
87,"Computer, communications and other services (% of commercial service imports)",TM.VAL.OTHR.ZS.WT,-0.00017719561211560018,0.011771238701927682
318,Low-birthweight babies (% of births),SH.STA.BRTW.ZS,-0.00014803520656593374,0.12606016909370782
513,Prevalence of anemia among non-pregnant women (% of women ages 15-49),SH.ANM.NPRG.ZS,-0.00013200000220805517,0.019347167570988855
84,"Communications, computer, etc. (% of service imports, BoP)",BM.GSR.CMCP.ZS,-0.0001061776463108934,0.008446342040127995
60,"Birth rate, crude (per 1,000 people)",SP.DYN.CBRT.IN,-8.325421593471817e-05,0.005661113949656294
43,"Agriculture, forestry, and fishing, value added per worker (constant 2015 US$)",NV.AGR.EMPL.KD,-7.776051223944226e-05,0.0036751046292329494
415,Number of infant deaths,SH.DTH.IMRT,-2.194237442782686e-05,0.006673392494476571
240,Gross national expenditure (current LCU),NE.DAB.TOTL.CN,-1.0904008557057252e-05,0.01155337069766468
47,"Annual freshwater withdrawals, agriculture (% of total freshwater withdrawal)",ER.H2O.FWAG.ZS,-4.283557162380777e-06,0.006903487412485477
398,Net official development assistance received (constant 2020 US$),DT.ODA.ODAT.KD,1.2533011655648442e-06,0.09604719242121926
699,"Age population, age 17, female, interpolated",SP.POP.AG17.FE.IN,8.35600548832237e-06,0.07323236444671453
290,"Insurance and financial services (% of service imports, BoP)",BM.GSR.INSF.ZS,1.926361661822727e-05,0.009254304300545708
329,"Maternal mortality ratio (modeled estimate, per 100,000 live births)",SH.STA.MMRT,2.9105248756549898e-05,0.038861464958237675
704,"Age population, age 19, male, interpolated",SP.POP.AG19.MA.IN,3.90901140430966e-05,0.05885376662703485
416,Number of maternal deaths,SH.MMR.DTHS,5.029580495093879e-05,0.011875744027710055
554,"Reserves and related items (BoP, current US$)",BN.RES.INCL.CD,5.6041063344218055e-05,0.0769917509707885
501,Population growth (annual %),SP.POP.GROW,7.196022461817955e-05,0.04033320126432664
560,Rule of Law: Standard Error,RL.STD.ERR,9.307983933477832e-05,0.0032636724938141615
460,"Population ages 15-19, female (% of female population)",SP.POP.1519.FE.5Y,0.00010964539379345284,0.014300504820469013
65,Cereal yield (kg per hectare),AG.YLD.CREL.KG,0.0001217399607473268,0.004303832423429531
687,"Age population, age 11, female, interpolated",SP.POP.AG11.FE.IN,0.00013189185792682832,0.006992424914774758
445,"Political Stability and Absence of Violence/Terrorism: Percentile Rank, Lower Bound of 90% Confidence Interval",PV.PER.RNK.LOWER,0.00017826107966881547,0.02649102816400287
239,Gross national expenditure (constant 2015 US$),NE.DAB.TOTL.KD,0.0001807174151819775,0.005614344515611628
142,Exports of goods and services (% of GDP),NE.EXP.GNFS.ZS,0.00018927411367332826,0.0055362752884464085
77,CO2 emissions from solid fuel consumption (% of total),EN.ATM.CO2E.SF.ZS,0.00019608866688629442,0.008103914007549725
672,"Age population, age 03, male, interpolated",SP.POP.AG03.MA.IN,0.0002074419293817986,0.029841566681233715
268,Imports of goods and services (% of GDP),NE.IMP.GNFS.ZS,0.0002097137155946721,0.0047946519040188125
363,Monetary Sector credit to private sector (% GDP),FM.AST.PRVT.GD.ZS,0.00023716383693025387,0.03531494986041462
646,Urban population (% of total population),SP.URB.TOTL.IN.ZS,0.00024554372764613413,0.017344572957965838
551,Renewable energy consumption (% of total final energy consumption),EG.FEC.RNEW.ZS,0.0002502921697706871,0.005665146177071927
697,"Age population, age 16, female, interpolated",SP.POP.AG16.FE.IN,0.00025277038567822913,0.07101568075590227
151,External balance on goods and services (current US$),NE.RSB.GNFS.CD,0.000279066994922547,0.02219006483727768
447,Political Stability and Absence of Violence/Terrorism: Standard Error,PV.STD.ERR,0.00030085456580201047,0.004858643810269543
284,"Inflation, consumer prices (annual %)",FP.CPI.TOTL.ZG,0.00030261674765894963,0.0029149499965758752
446,"Political Stability and Absence of Violence/Terrorism: Percentile Rank, Upper Bound of 90% Confidence Interval",PV.PER.RNK.UPPER,0.0003794889202761546,0.010644740830112633
115,Domestic general government health expenditure per capita (current US$),SH.XPD.GHED.PC.CD,0.0003823168792655472,0.04567885661012457
61,Broad money (% of GDP),FM.LBL.BMNY.GD.ZS,0.00038896775634721586,0.00578924222264762
97,Control of Corruption: Standard Error,CC.STD.ERR,0.0004070993367110509,0.03440401789274274
491,"Population ages 65 and above, total",SP.POP.65UP.TO,0.0004262739308427428,0.007168105147663
692,"Age population, age 13, male, interpolated",SP.POP.AG13.MA.IN,0.0004802610816243899,0.0584769861388937
700,"Age population, age 17, male, interpolated",SP.POP.AG17.MA.IN,0.0004854592095504283,0.07914682243378932
703,"Age population, age 19, female, interpolated",SP.POP.AG19.FE.IN,0.0005016080498561532,0.05138385213784873
76,CO2 emissions from liquid fuel consumption (kt),EN.ATM.CO2E.LF.KT,0.0005117943980417729,0.010223812107093984
519,Price level ratio of PPP conversion factor (GDP) to market exchange rate,PA.NUS.PPPC.RF,0.000517237087696804,0.012930474496828059
280,"Industry (including construction), value added (constant LCU)",NV.IND.TOTL.KN,0.0005224392325975719,0.10087718225256181
639,"Unemployment, female (% of female labor force) (modeled ILO estimate)",SL.UEM.TOTL.FE.ZS,0.0005354644652674701,0.0844799915707025
549,Regulatory Quality: Standard Error,RQ.STD.ERR,0.0005570242457789347,0.005766649379088238
767,"Population ages 50-54, male",SP.POP.5054.MA,0.000558766472481264,0.03845248422950165
386,"Net bilateral aid flows from DAC donors, Japan (current US$)",DC.DAC.JPNL.CD,0.0005599751790470165,0.002808641621362752
688,"Age population, age 11, male, interpolated",SP.POP.AG11.MA.IN,0.0005998967223762028,0.02169639654102403
238,Gross national expenditure (% of GDP),NE.DAB.TOTL.ZS,0.000637971530614931,0.012807994470592372
344,"Merchandise imports by the reporting economy, residual (% of total merchandise imports)",TM.VAL.MRCH.RS.ZS,0.0006387783989022099,0.016532171797221412
208,GNI per capita growth (annual %),NY.GNP.PCAP.KD.ZG,0.0006391352030940236,0.007246704961157694
165,Fixed telephone subscriptions (per 100 people),IT.MLT.MAIN.P2,0.0006607577020456651,0.016827590945790276
236,Gross fixed capital formation (constant 2015 US$),NE.GDI.FTOT.KD,0.0006662113513530691,0.007727531241917193
583,"Secondary income receipts (BoP, current US$)",BX.TRF.CURR.CD,0.000685720911111231,0.008613548153803517
204,GNI (current US$),NY.GNP.MKTP.CD,0.0007638992915100888,0.04851292639977649
198,General government final consumption expenditure (annual % growth),NE.CON.GOVT.KD.ZG,0.000793956097044451,0.022919440158107096
46,"Air transport, registered carrier departures worldwide",IS.AIR.DPRT,0.0008112347464171048,0.006521532628980498
627,Trade (% of GDP),NE.TRD.GNFS.ZS,0.0008113311790700031,0.0045266608608249895
609,Taxes less subsidies on products (constant LCU),NY.TAX.NIND.KN,0.0008267781564879566,0.007105693580640879
330,Merchandise exports (current US$),TX.VAL.MRCH.CD.WT,0.0008418238797050268,0.022788240505668293
708,"Age population, age 21, male, interpolated",SP.POP.AG21.MA.IN,0.00085780528646223,0.011777175630373409
710,"Age population, age 22, male, interpolated",SP.POP.AG22.MA.IN,0.0008720329824539224,0.0943829746208493
702,"Age population, age 18, male, interpolated",SP.POP.AG18.MA.IN,0.0008738868470706006,0.03204112390428479
620,Total fisheries production (metric tons),ER.FSH.PROD.MT,0.0008754859259211719,0.0439760002062452
203,GNI (current LCU),NY.GNP.MKTP.CN,0.0008786374779524863,0.03436982434995084
248,Households and NPISHs final consumption expenditure (% of GDP),NE.CON.PRVT.ZS,0.0009437380185371043,0.10839410366178182
520,"Primary completion rate, female (% of relevant age group)",SE.PRM.CMPT.FE.ZS,0.0009638616871922372,0.018141514972379848
452,"Population ages 0-14, female (% of female population)",SP.POP.0014.FE.ZS,0.00098329508543603,0.010141332605688128
8,"Adjusted net savings, excluding particulate emission damage (% of GNI)",NY.ADJ.SVNX.GN.ZS,0.0009860356219736337,0.04913810430589335
34,Agricultural nitrous oxide emissions (thousand metric tons of CO2 equivalent),EN.ATM.NOXE.AG.KT.CE,0.000988431027032263,0.005300340373412139
73,CO2 emissions from gaseous fuel consumption (% of total),EN.ATM.CO2E.GF.ZS,0.0009917886766034477,0.00426467044346016
175,Forest area (sq. km),AG.LND.FRST.K2,0.0010455536819271316,0.067122834556738
575,"School enrollment, secondary, female (% gross)",SE.SEC.ENRR.FE,0.001057183330389066,0.0031986071170329597
120,"Employers, female (% of female employment) (modeled ILO estimate)",SL.EMP.MPYR.FE.ZS,0.0010658466751113788,0.0038313511951217597
139,Export unit value index (2015 = 100),TX.UVI.MRCH.XD.WD,0.0010777379445273993,0.031047081384708186
423,Other taxes payable by businesses (% of commercial profits),IC.TAX.OTHR.CP.ZS,0.0010879548779508634,0.014678857861060273
44,"Air transport, freight (million ton-km)",IS.AIR.GOOD.MT.K1,0.0010889086520820687,0.010779794344408022
279,"Industry (including construction), value added (constant 2015 US$)",NV.IND.TOTL.KD,0.0011251907148366962,0.04257987545300139
654,"Vulnerable employment, female (% of female employment) (modeled ILO estimate)",SL.EMP.VULN.FE.ZS,0.0011417300887148025,0.03726138540855767
647,Urban population growth (annual %),SP.URB.GROW,0.0011440822462500896,0.0035396764554027765
801,"Unemployment, female (% of female labor force)",SL.UEM.TOTL.FE.ZS,0.0011495829616589863,0.010342171316153871
9,"Adjusted net savings, including particulate emission damage (% of GNI)",NY.ADJ.SVNG.GN.ZS,0.001151471223326296,0.0733417728257162
68,CO2 emissions (kg per 2015 US$ of GDP),EN.ATM.CO2E.KD.GD,0.0011709445587927754,0.0052883836504603364
610,Taxes less subsidies on products (current LCU),NY.TAX.NIND.CN,0.0011735130371681784,0.046191451602434444
75,CO2 emissions from liquid fuel consumption (% of total),EN.ATM.CO2E.LF.ZS,0.0011826994169414835,0.0041201897391707305
625,Total reserves minus gold (current US$),FI.RES.XGLD.CD,0.001184469017671277,0.0040758623519566335
375,"Mortality rate, infant, male (per 1,000 live births)",SP.DYN.IMRT.MA.IN,0.0011974681005737428,0.18955712350647333
110,Domestic credit to private sector (% of GDP),FS.AST.PRVT.GD.ZS,0.0012161509352113674,0.04837006590820487
455,"Population ages 0-14, total",SP.POP.0014.TO,0.0012201840597801346,0.016398810431059577
538,Profit tax (% of commercial profits),IC.TAX.PRFT.CP.ZS,0.001223246281629068,0.004589703109987878
673,"Age population, age 04, female, interpolated",SP.POP.AG04.FE.IN,0.0012293288529906684,0.026391205458210543
564,"School enrollment, preprimary (% gross)",SE.PRE.ENRR,0.0012504732913347716,0.12595777599700522
340,Merchandise exports to low- and middle-income economies in Sub-Saharan Africa (% of total merchandise exports),TX.VAL.MRCH.R6.ZS,0.0012631065851254773,0.004208448523063481
562,Rural population (% of total population),SP.RUR.TOTL.ZS,0.0012634857357522492,0.14166210467375256
88,Consumer price index (2010 = 100),FP.CPI.TOTL,0.001268089445697672,0.008355512767519665
391,"Net financial account (BoP, current US$)",BN.FIN.TOTL.CD,0.0012765492544447104,0.028517010960230023
724,"Mortality caused by road traffic injury, male (per 100,000 male population)",SH.STA.TRAF.MA.P5,0.0012883900219539846,0.01141386385589593
286,"Inflation, GDP deflator: linked series (annual %)",NY.GDP.DEFL.KD.ZG.AD,0.0013064363369890341,0.013520350565464748
537,Procedures to register property (number),IC.PRP.PROC,0.001330390409749171,0.004348420766797717
591,"Services, value added (annual % growth)",NV.SRV.TOTL.KD.ZG,0.0014091134281801643,0.005153702265398178
176,Forest rents (% of GDP),NY.GDP.FRST.RT.ZS,0.001449224840853034,0.016658099549857922
168,Food production index (2014-2016 = 100),AG.PRD.FOOD.XD,0.001454545883667797,0.012919323100207098
411,Number of deaths ages 10-14 years,SH.DTH.1014,0.0014660773923736766,0.06481603049613859
450,Population ages 0-14 (% of total population),SP.POP.0014.TO.ZS,0.0014772088848408113,0.07807721103204648
709,"Age population, age 22, female, interpolated",SP.POP.AG22.FE.IN,0.0015085247676618282,0.019585472990733415
796,"Stillbirth rate (per 1,000 total births)",SH.DYN.STLB,0.001557163519765925,0.05623567913963872
377,"Mortality rate, under-5 (per 1,000 live births)",SH.DYN.MORT,0.0015641933483993913,0.058637131864381076
53,Arable land (% of land area),AG.LND.ARBL.ZS,0.0015880628663319943,0.005310728048339068
352,Merchandise imports from low- and middle-income economies in Sub-Saharan Africa (% of total merchandise imports),TM.VAL.MRCH.R6.ZS,0.0016606940210548559,0.00820622745932023
141,Export volume index (2015 = 100),TX.QTY.MRCH.XD.WD,0.0016769061273894667,0.038644093501907895
565,"School enrollment, preprimary, female (% gross)",SE.PRE.ENRR.FE,0.0017031516181499067,0.00926777683139701
503,"Population, female",SP.POP.TOTL.FE.IN,0.0017074964884707942,0.10468202902611909
79,Coal rents (% of GDP),NY.GDP.COAL.RT.ZS,0.0017091274379084013,0.006827215343472752
276,Individuals using the Internet (% of population),IT.NET.USER.ZS,0.0017214630173923568,0.03947641254037479
56,Armed forces personnel (% of total labor force),MS.MIL.TOTL.TF.ZS,0.0017272819685042377,0.004573741826072659
658,"Wage and salaried workers, male (% of male employment) (modeled ILO estimate)",SL.EMP.WORK.MA.ZS,0.0017531849507171678,0.13307895847673434
50,"Annual freshwater withdrawals, total (% of internal resources)",ER.H2O.FWTL.ZS,0.001760257271120074,0.010863272004458578
309,Labor tax and contributions (% of commercial profits),IC.TAX.LABR.CP.ZS,0.001775598601446856,0.007172482420550406
267,Import volume index (2015 = 100),TM.QTY.MRCH.XD.WD,0.0017908988044681765,0.08078734068608624
164,Fixed telephone subscriptions,IT.MLT.MAIN,0.0017988353789072046,0.022955039324783398
666,"Age population, age 00, male, interpolated",SP.POP.AG00.MA.IN,0.0018170913086052467,0.038519510439183696
266,Import value index (2015 = 100),TM.VAL.MRCH.XD.WD,0.001852286661606874,0.03764278298065741
214,"GNI, PPP (current international $)",NY.GNP.MKTP.PP.CD,0.001890238749870593,0.007970194665191496
698,"Age population, age 16, male, interpolated",SP.POP.AG16.MA.IN,0.0018977704950302696,0.06422482130277449
473,"Population ages 30-34, male (% of male population)",SP.POP.3034.MA.5Y,0.0019014764631933442,0.06506345974783616
467,"Population ages 15-64, total",SP.POP.1564.TO,0.0019024674821833496,0.012829978352979714
457,"Population ages 05-09, male (% of male population)",SP.POP.0509.MA.5Y,0.0019128652079176236,0.027630119866734245
308,"Labor force, total",SL.TLF.TOTL.IN,0.0019198549124652292,0.016383493932490535
744,"People using at least basic sanitation services, urban  (% of urban population)",SH.STA.BASS.UR.ZS,0.0019340799379080425,0.04127934439184374
705,"Age population, age 20, female, interpolated",SP.POP.AG20.FE.IN,0.0019368326651612103,0.05497153147324863
758,"Population ages 30-34, female",SP.POP.3034.FE,0.0019374458506894723,0.026257834364616418
611,Taxes less subsidies on products (current US$),NY.TAX.NIND.CD,0.001945341082812369,0.008669157891998064
417,Number of neonatal deaths,SH.DTH.NMRT,0.0019458587629419051,0.021396963902277386
213,"GNI, PPP (constant 2017 international $)",NY.GNP.MKTP.PP.KD,0.001961661345790749,0.02642242430715323
748,"Population ages 05-09, female",SP.POP.0509.FE,0.001989990688141242,0.02252811476910591
57,"Armed forces personnel, total",MS.MIL.TOTL.P1,0.001996276858928674,0.007506223817584923
712,"Age population, age 23, male, interpolated",SP.POP.AG23.MA.IN,0.001997176562543645,0.11094329677730717
701,"Age population, age 18, female, interpolated",SP.POP.AG18.FE.IN,0.0020005232155659225,0.011320406273256898
285,"Inflation, GDP deflator (annual %)",NY.GDP.DEFL.KD.ZG,0.002014742509494355,0.0060329734803945025
606,"Survival to age 65, female (% of cohort)",SP.DYN.TO65.FE.ZS,0.0020170409264962325,0.09353269954851173
55,Arable land (hectares),AG.LND.ARBL.HA,0.0020191171490377977,0.006956941460190019
104,Current health expenditure (% of GDP),SH.XPD.CHEX.GD.ZS,0.002027532811899835,0.012465658087313009
277,"Industry (including construction), value added (% of GDP)",NV.IND.TOTL.ZS,0.0020412631307052537,0.03237090350544167
556,Rule of Law: Number of Sources,RL.NO.SRC,0.0020417183589376917,0.0071004413359328665
690,"Age population, age 12, male, interpolated",SP.POP.AG12.MA.IN,0.00209378022372197,0.034435699163840226
631,"Transport services (% of service exports, BoP)",BX.GSR.TRAN.ZS,0.002099309090046713,0.041310872277030966
691,"Age population, age 13, female, interpolated",SP.POP.AG13.FE.IN,0.002132263538009153,0.026699414420770697
66,"Charges for the use of intellectual property, payments (BoP, current US$)",BM.GSR.ROYL.CD,0.0021410792083307057,0.005493871751193729
535,"Probability of dying among youth ages 20-24 years (per 1,000)",SH.DYN.2024,0.0021669940546937467,0.010147573131709489
45,"Air transport, passengers carried",IS.AIR.PSGR,0.002171460834372456,0.005914469093392647
550,Renewable electricity output (% of total electricity output),EG.ELC.RNEW.ZS,0.002205074394443147,0.03198315840486642
210,"GNI per capita, PPP (constant 2017 international $)",NY.GNP.PCAP.PP.KD,0.0022087490362611576,0.01259591461466503
707,"Age population, age 21, female, interpolated",SP.POP.AG21.FE.IN,0.0022122700161385867,0.02795289793206035
17,Adjusted savings: energy depletion (current US$),NY.ADJ.DNGY.CD,0.002219347747017917,0.009358140068149362
494,"Population ages 70-74, female (% of female population)",SP.POP.7074.FE.5Y,0.002229437560809648,0.010826272456025006
648,Voice and Accountability: Estimate,VA.EST,0.002247250558698827,0.05598943525743692
453,"Population ages 0-14, male",SP.POP.0014.MA.IN,0.002298091315411136,0.043519562650540265
355,Methane emissions (kt of CO2 equivalent),EN.ATM.METH.KT.CE,0.0023040491806469816,0.00846540942576891
321,Manufactures exports (% of merchandise exports),TX.VAL.MANF.ZS.UN,0.0023236064489712857,0.05231454480714105
441,"Personal transfers, receipts (BoP, current US$)",BX.TRF.PWKR.CD,0.002330745315299201,0.010782233897873904
548,"Regulatory Quality: Percentile Rank, Upper Bound of 90% Confidence Interval",RQ.PER.RNK.UPPER,0.002365117041296862,0.03200158820186459
477,"Population ages 40-44, male (% of male population)",SP.POP.4044.MA.5Y,0.0023797625755871536,0.004891036554518968
478,"Population ages 45-49, female (% of female population)",SP.POP.4549.FE.5Y,0.0023863325217206677,0.00417277643661784
287,Insurance and financial services (% of commercial service exports),TX.VAL.INSF.ZS.WT,0.002424004545337983,0.008417656901447511
220,Government Effectiveness: Percentile Rank,GE.PER.RNK,0.0024641358725582345,0.07896507425271067
456,"Population ages 05-09, female (% of female population)",SP.POP.0509.FE.5Y,0.0024768282919899703,0.030938459217710983
86,"Computer, communications and other services (% of commercial service exports)",TX.VAL.OTHR.ZS.WT,0.002487981229136019,0.022154349740614414
476,"Population ages 40-44, female (% of female population)",SP.POP.4044.FE.5Y,0.0024953939396921,0.004382162977699074
64,Cereal production (metric tons),AG.PRD.CREL.MT,0.002498258361424335,0.010328642072174972
301,"Labor force participation rate, female (% of female population ages 15+) (modeled ILO estimate)",SL.TLF.CACT.FE.ZS,0.002533817122606399,0.01072188361467437
234,Gross fixed capital formation (% of GDP),NE.GDI.FTOT.ZS,0.0026124745924640115,0.004574516950079855
521,"Primary completion rate, male (% of relevant age group)",SE.PRM.CMPT.MA.ZS,0.002636327500865272,0.0789683039043552
14,Adjusted savings: education expenditure (% of GNI),NY.ADJ.AEDU.GN.ZS,0.0026370357883505513,0.0432844521260239
299,"Labor force participation rate for ages 15-24, male (%) (modeled ILO estimate)",SL.TLF.ACTI.1524.MA.ZS,0.0026594664630221927,0.012148932140357564
272,Imports of goods and services (current LCU),NE.IMP.GNFS.CN,0.002695186858447645,0.009458166062979681
533,"Probability of dying among adolescents ages 15-19 years (per 1,000)",SH.DYN.1519,0.002695961137084837,0.006932439013272677
406,Net secondary income (Net current transfers from abroad) (current US$),NY.TRF.NCTR.CD,0.0027471132233493744,0.014977765266260969
490,"Population ages 65 and above, male (% of male population)",SP.POP.65UP.MA.ZS,0.002757490793328319,0.00627496062480694
595,"Services, value added (current US$)",NV.SRV.TOTL.CD,0.0027901154084583237,0.006113048175179374
653,Voice and Accountability: Standard Error,VA.STD.ERR,0.002792223875475189,0.04079842909086407
516,"Prevalence of overweight (modeled estimate, % of children under 5)",SH.STA.OWGH.ME.ZS,0.0027942536431120133,0.04857400913993423
390,"Net errors and omissions (BoP, current US$)",BN.KAC.EOMS.CD,0.002802595453185936,0.016564861902965085
36,Agricultural raw materials imports (% of merchandise imports),TM.VAL.AGRI.ZS.UN,0.002803524690728666,0.007021507751485483
217,"Goods imports (BoP, current US$)",BM.GSR.MRCH.CD,0.0028336769706985474,0.01313594597790531
179,GDP (constant 2015 US$),NY.GDP.MKTP.KD,0.002872594553293603,0.07472351878602773
577,"School enrollment, tertiary (% gross)",SE.TER.ENRR,0.0029385193213333845,0.009691847802438336
368,"Mortality rate attributed to unintentional poisoning (per 100,000 population)",SH.STA.POIS.P5,0.002984357209983259,0.019493004340373755
41,"Agriculture, forestry, and fishing, value added (current LCU)",NV.AGR.TOTL.CN,0.0029888427283675132,0.011482263182744146
62,Business extent of disclosure index (0=less disclosure to 10=more disclosure),IC.BUS.DISC.XQ,0.0030373061472930103,0.010038644602058232
600,"Start-up procedures to register a business, male (number)",IC.REG.PROC.MA,0.003038746070057166,0.007460833078259433
378,"Mortality rate, under-5, female (per 1,000 live births)",SH.DYN.MORT.FE,0.0030734623022663815,0.040089493560672214
130,"Employment in services, female (% of female employment) (modeled ILO estimate)",SL.SRV.EMPL.FE.ZS,0.003077360224650538,0.0424016091216698
483,"Population ages 55-59, male (% of male population)",SP.POP.5559.MA.5Y,0.003146432426454969,0.005137059010370752
614,Time required to register property (days),IC.PRP.DURS,0.0031497927846450475,0.04973985369178796
429,"People practicing open defecation, urban (% of urban population)",SH.STA.ODFC.UR.ZS,0.0031776768694640337,0.0225202436811405
303,"Labor force participation rate, male (% of male population ages 15+) (modeled ILO estimate)",SL.TLF.CACT.MA.ZS,0.0031799041124405476,0.035890369564718506
681,"Age population, age 08, female, interpolated",SP.POP.AG08.FE.IN,0.003182993670535079,0.06304896764744095
412,Number of deaths ages 15-19 years,SH.DTH.1519,0.003206319913703431,0.11595029112319584
387,"Net bilateral aid flows from DAC donors, Total (current US$)",DC.DAC.TOTL.CD,0.0032143054368990657,0.007927289844451468
757,"Population ages 25-29, male",SP.POP.2529.MA,0.0032532275612609973,0.01403316102001378
498,"Population ages 80 and above, female (% of female population)",SP.POP.80UP.FE.5Y,0.0032789107516126327,0.009819105116200256
317,Livestock production index (2014-2016 = 100),AG.PRD.LVSK.XD,0.003283514310092436,0.02177969740773445
422,Ores and metals imports (% of merchandise imports),TM.VAL.MMTL.ZS.UN,0.0032930598264289245,0.018454873119916115
193,GDP per person employed (constant 2017 PPP $),SL.GDP.PCAP.EM.KD,0.003299742459861848,0.010165333149765263
634,Travel services (% of commercial service imports),TM.VAL.TRVL.ZS.WT,0.0033187954381700027,0.024469796298529592
202,GNI (constant 2015 US$),NY.GNP.MKTP.KD,0.0033339618482430516,0.011363586534331113
630,Transport services (% of commercial service imports),TM.VAL.TRAN.ZS.WT,0.0033492407364290834,0.033877477339703234
379,"Mortality rate, under-5, male (per 1,000 live births)",SH.DYN.MORT.MA,0.003371590347835967,0.11335949483655544
696,"Age population, age 15, male, interpolated",SP.POP.AG15.MA.IN,0.003392882780611486,0.1171552830070813
624,Total reserves in months of imports,FI.RES.TOTL.MO,0.0034481436302367103,0.03214643535108102
402,Net primary income (Net income from abroad) (current LCU),NY.GSR.NFCY.CN,0.003453847463189193,0.008655571220681377
518,Prevalence of undernourishment (% of population),SN.ITK.DEFC.ZS,0.0034544023224587304,0.011254039662992623
229,Gross capital formation (current LCU),NE.GDI.TOTL.CN,0.003496936434866565,0.13493747116367438
81,Commercial service exports (current US$),TX.VAL.SERV.CD.WT,0.0035235753666851984,0.010623964122299583
589,"Service imports (BoP, current US$)",BM.GSR.NFSV.CD,0.0035238952983429944,0.005648603338047904
293,"International tourism, expenditures for travel items (current US$)",ST.INT.TVLX.CD,0.003525145991706058,0.0315325287051437
640,"Unemployment, male (% of male labor force) (modeled ILO estimate)",SL.UEM.TOTL.MA.ZS,0.003530807601625249,0.01466766263111934
127,"Employment in industry, female (% of female employment) (modeled ILO estimate)",SL.IND.EMPL.FE.ZS,0.003548576905366054,0.005349310491583931
157,Final consumption expenditure (% of GDP),NE.CON.TOTL.ZS,0.00356369991771166,0.08139785231959704
663,"Age dependency ratio, old",SP.POP.DPND.OL,0.0035768721326431504,0.009239347556758136
138,Energy intensity level of primary energy (MJ/$2017 PPP GDP),EG.EGY.PRIM.PP.KD,0.0035864682771700814,0.04804601518522405
766,"Population ages 50-54, female",SP.POP.5054.FE,0.003596443014550845,0.02802012699280474
427,People practicing open defecation (% of population),SH.STA.ODFC.ZS,0.0036096304295257487,0.059727419665626585
523,"Primary education, duration (years)",SE.PRM.DURS,0.003661762191051471,0.05681645644381362
515,Prevalence of anemia among women of reproductive age (% of women ages 15-49),SH.ANM.ALLW.ZS,0.003664471433546343,0.011380834053403783
201,General government final consumption expenditure (current US$),NE.CON.GOVT.CD,0.0037700477907468034,0.028193975570550398
338,Merchandise exports to low- and middle-income economies in Middle East & North Africa (% of total merchandise exports),TX.VAL.MRCH.R4.ZS,0.003795510894937629,0.011985174062826173
22,Adjusted savings: net forest depletion (% of GNI),NY.ADJ.DFOR.GN.ZS,0.00383740505382404,0.10523973540318682
488,"Population ages 65 and above, female (% of female population)",SP.POP.65UP.FE.ZS,0.0038787304099590436,0.008523697472027868
178,Fuel imports (% of merchandise imports),TM.VAL.FUEL.ZS.UN,0.0038925957224770166,0.023499084073803394
369,"Mortality rate attributed to unintentional poisoning, female (per 100,000 female population)",SH.STA.POIS.P5.FE,0.0038932216414648444,0.015083401088128202
540,Public credit registry coverage (% of adults),IC.CRD.PUBL.ZS,0.003896660706532138,0.010614116991176419
212,"GNI, Atlas method (current US$)",NY.GNP.ATLS.CD,0.0039046573143436216,0.014088571482015512
486,Population ages 65 and above (% of total population),SP.POP.65UP.TO.ZS,0.003916012428943124,0.006539002510625909
802,"Unemployment, male (% of male labor force)",SL.UEM.TOTL.MA.ZS,0.003920727650749379,0.06454514921298118
655,"Vulnerable employment, male (% of male employment) (modeled ILO estimate)",SL.EMP.VULN.MA.ZS,0.00392418328613878,0.013709253985186227
273,Imports of goods and services (current US$),NE.IMP.GNFS.CD,0.003933246597873419,0.028921864496234427
409,Nitrous oxide emissions (thousand metric tons of CO2 equivalent),EN.ATM.NOXE.KT.CE,0.003960457097659811,0.1148256144683506
716,"Age population, age 25, male, interpolated",SP.POP.AG25.MA.IN,0.003979594206048412,0.010519061870169459
342,Merchandise imports (current US$),TM.VAL.MRCH.CD.WT,0.003995056050099286,0.014665132552117282
158,Final consumption expenditure (annual % growth),NE.CON.TOTL.KD.ZG,0.003997471931355692,0.018089424126820013
291,"International tourism, expenditures (% of total imports)",ST.INT.XPND.MP.ZS,0.0040072729432839085,0.01740918535781099
185,GDP growth (annual %),NY.GDP.MKTP.KD.ZG,0.0040747858214341135,0.11732598214604807
628,Trade in services (% of GDP),BG.GSR.NFSV.GD.ZS,0.004090121707763142,0.03773792697424842
118,Domestic private health expenditure per capita (current US$),SH.XPD.PVTD.PC.CD,0.004091517736874848,0.02633452820986333
573,"School enrollment, secondary (% gross)",SE.SEC.ENRR,0.004117562266673326,0.007983527713497907
594,"Services, value added (current LCU)",NV.SRV.TOTL.CN,0.004126751756058481,0.0700029584740218
472,"Population ages 30-34, female (% of female population)",SP.POP.3034.FE.5Y,0.004160176620811124,0.04809543899550322
392,Net foreign assets (current LCU),FM.AST.NFRG.CN,0.004170793048142038,0.09946315745479344
542,Refugee population by country or territory of asylum,SM.POP.REFG,0.00419274971255198,0.013845020813763965
793,"Probability of dying among youth ages 20-24 years, female (per 1,000)",SH.DYN.2024.FE,0.004239360222892894,0.02001325430566424
571,"School enrollment, primary, male (% gross)",SE.PRM.ENRR.MA,0.004240985847793715,0.011748836029607938
353,Merchandise imports from low- and middle-income economies outside region (% of total merchandise imports),TM.VAL.MRCH.OR.ZS,0.004282454356066117,0.028849000659223644
454,"Population ages 0-14, male (% of male population)",SP.POP.0014.MA.ZS,0.004307809886946452,0.06327728079749685
207,GNI per capita (current LCU),NY.GNP.PCAP.CN,0.004323978492070609,0.06058470432917142
322,Manufactures imports (% of merchandise imports),TM.VAL.MANF.ZS.UN,0.004352289068132326,0.02268177595306064
401,"Net primary income (BoP, current US$)",BN.GSR.FCTY.CD,0.004354114305011487,0.022019383412826655
615,Time required to start a business (days),IC.REG.DURS,0.004365254669573763,0.006518020858488825
162,Fixed broadband subscriptions,IT.NET.BBND,0.0043680188543501015,0.024523359789855644
769,"Population ages 55-59, male",SP.POP.5559.MA,0.004377554397115935,0.015312806868793808
119,"Domestic private health expenditure per capita, PPP (current international $)",SH.XPD.PVTD.PP.CD,0.004420803521530199,0.045706783657751146
125,"Employment in agriculture, male (% of male employment) (modeled ILO estimate)",SL.AGR.EMPL.MA.ZS,0.004483619192778374,0.02511111134152867
495,"Population ages 70-74, male (% of male population)",SP.POP.7074.MA.5Y,0.004483887538266955,0.011590577602791653
100,"Cost of business start-up procedures, male (% of GNI per capita)",IC.REG.COST.PC.MA.ZS,0.004515303515656761,0.00966754641279242
626,Total tax and contribution rate (% of profit),IC.TAX.TOTL.CP.ZS,0.004562096113902401,0.014798505618921903
468,"Population ages 20-24, female (% of female population)",SP.POP.2024.FE.5Y,0.004569686212230008,0.007662351503075416
792,"Probability of dying among children ages 5-9 years, male (per 1,000)",SH.DYN.0509.MA,0.004570962750933979,0.04213685626959959
384,"Net bilateral aid flows from DAC donors, France (current US$)",DC.DAC.FRAL.CD,0.004616204554535818,0.018087925800616855
39,"Agriculture, forestry, and fishing, value added (constant 2015 US$)",NV.AGR.TOTL.KD,0.004646613832006455,0.013210497568978928
206,GNI per capita (constant 2015 US$),NY.GNP.PCAP.KD,0.004684403614470059,0.06417941180553209
517,"Prevalence of stunting, height for age (modeled estimate, % of children under 5)",SH.STA.STNT.ME.ZS,0.004715236359546816,0.029934247753603694
346,Merchandise imports from high-income economies (% of total merchandise imports),TM.VAL.MRCH.HI.ZS,0.004715662181941556,0.023378889880328844
129,Employment in services (% of total employment) (modeled ILO estimate),SL.SRV.EMPL.ZS,0.004753588707200954,0.012233000783957941
30,"Age dependency ratio, young (% of working-age population)",SP.POP.DPND.YG,0.004787210817076166,0.07817819115999589
469,"Population ages 20-24, male (% of male population)",SP.POP.2024.MA.5Y,0.0047902712350822,0.049875510198359035
37,"Agriculture, forestry, and fishing, value added (% of GDP)",NV.AGR.TOTL.ZS,0.0047981273604375645,0.020018255866137744
29,"Age dependency ratio, old (% of working-age population)",SP.POP.DPND.OL,0.004800723389754008,0.03908493134363136
320,Lower secondary school starting age (years),SE.SEC.AGES,0.004840628847090818,0.07678626272905476
675,"Age population, age 05, female, interpolated",SP.POP.AG05.FE.IN,0.004862122917481274,0.055020349627006866
765,"Population ages 45-49, male",SP.POP.4549.MA,0.004880716016079447,0.059116120352917655
348,Merchandise imports from low- and middle-income economies in Europe & Central Asia (% of total merchandise imports),TM.VAL.MRCH.R2.ZS,0.0049109624190030255,0.039175318497063585
747,"Population ages 00-14, total",SP.POP.0014.TO,0.004919296547202527,0.0887927182142245
603,"Suicide mortality rate, female (per 100,000 female population)",SH.STA.SUIC.FE.P5,0.004939443798557999,0.013010435126615098
149,External balance on goods and services (% of GDP),NE.RSB.GNFS.ZS,0.004970939536844796,0.02746469802099381
428,"People practicing open defecation, rural (% of rural population)",SH.STA.ODFC.RU.ZS,0.004970985693436511,0.0930015414919646
466,"Population ages 15-64, male (% of male population)",SP.POP.1564.MA.ZS,0.004980362612742943,0.008606379528492728
496,"Population ages 75-79, female (% of female population)",SP.POP.7579.FE.5Y,0.005011667859452279,0.009580401417301808
111,Domestic credit to private sector by banks (% of GDP),FD.AST.PRVT.GD.ZS,0.005051261892447756,0.016407165939891787
306,"Labor force participation rate, total (% of total population ages 15-64) (modeled ILO estimate)",SL.TLF.ACTI.ZS,0.005070694265353004,0.022499913337886764
35,Agricultural raw materials exports (% of merchandise exports),TX.VAL.AGRI.ZS.UN,0.005076291476829793,0.015402486882472229
224,"Government expenditure on education, total (% of GDP)",SE.XPD.TOTL.GD.ZS,0.005088897198461841,0.0248469850204092
59,Bank liquid reserves to bank assets ratio (%),FD.RES.LIQU.AS.ZS,0.005111780071654479,0.00848019292129148
432,"People using at least basic drinking water services, urban (% of urban population)",SH.H2O.BASW.UR.ZS,0.005116998312558262,0.015231600139940443
370,"Mortality rate attributed to unintentional poisoning, male (per 100,000 male population)",SH.STA.POIS.P5.MA,0.005122769847921271,0.01150076580816012
791,"Probability of dying among children ages 5-9 years, female (per 1,000)",SH.DYN.0509.FE,0.00516215281102223,0.018169425529833406
96,"Control of Corruption: Percentile Rank, Upper Bound of 90% Confidence Interval",CC.PER.RNK.UPPER,0.005175580652994108,0.02985739602769691
745,"Population ages 00-04, female",SP.POP.0004.FE,0.0051948674262368745,0.052355452265066174
612,Time required to build a warehouse (days),IC.WRH.DURS,0.0051959141660053556,0.017575795052087676
493,"Population ages 65-69, male (% of male population)",SP.POP.6569.MA.5Y,0.005199479053995889,0.02016316135855342
599,"Start-up procedures to register a business, female (number)",IC.REG.PROC.FE,0.005199526584741124,0.03244365237980429
404,"Net secondary income (BoP, current US$)",BN.TRF.CURR.CD,0.005442230152207757,0.06668219082258754
608,Tax payments (number),IC.TAX.PAYM,0.005476958060338217,0.014040727530119815
657,"Wage and salaried workers, female (% of female employment) (modeled ILO estimate)",SL.EMP.WORK.FE.ZS,0.0055022024459520326,0.021181745860225188
623,"Total reserves (includes gold, current US$)",FI.RES.TOTL.CD,0.005508043282929976,0.023275554160983515
662,Women's share of population ages 15+ living with HIV (%),SH.DYN.AIDS.FE.ZS,0.005522789425249048,0.02304340935390224
649,Voice and Accountability: Number of Sources,VA.NO.SRC,0.00555978717737487,0.013796836239127457
108,DEC alternative conversion factor (LCU per US$),PA.NUS.ATLS,0.005561643534466864,0.06323639264359066
656,"Vulnerable employment, total (% of total employment) (modeled ILO estimate)",SL.EMP.VULN.ZS,0.005578664087987764,0.07466519070506544
205,GNI growth (annual %),NY.GNP.MKTP.KD.ZG,0.005580808978687815,0.04550709555235724
497,"Population ages 75-79, male (% of male population)",SP.POP.7579.MA.5Y,0.005641616084046276,0.016195504710707565
759,"Population ages 30-34, male",SP.POP.3034.MA,0.005666757276481248,0.013027480683678058
507,"Population, total",SP.POP.TOTL,0.005673451096865133,0.07109630721899228
619,Time to resolve insolvency (years),IC.ISV.DURS,0.005691429135354568,0.08735613275949158
601,Statistical performance indicators (SPI): Pillar 1 data use score (scale 0-100),IQ.SPI.PIL1,0.005723183610111377,0.04860410956407919
246,Gross value added at basic prices (GVA) (current LCU),NY.GDP.FCST.CN,0.005746728211367524,0.07476424657401613
597,Sex ratio at birth (male births per female births),SP.POP.BRTH.MF,0.005815208537976255,0.020107894009425777
543,Refugee population by country or territory of origin,SM.POP.REFG.OR,0.005862014861908277,0.022679185200553495
499,"Population ages 80 and above, male (% of male population)",SP.POP.80UP.MA.5Y,0.005871958906050336,0.017663872461162026
679,"Age population, age 07, female, interpolated",SP.POP.AG07.FE.IN,0.005893871157477183,0.0507689389159902
618,Time to prepare and pay taxes (hours),IC.TAX.DURS,0.005914599945006464,0.13175506000873244
677,"Age population, age 06, female, interpolated",SP.POP.AG06.FE.IN,0.005938099854630429,0.042877865236102757
11,Adjusted savings: carbon dioxide damage (current US$),NY.ADJ.DCO2.CD,0.005972957531318346,0.012547241163533888
789,"Probability of dying among adolescents ages 15-19 years, female (per 1,000)",SH.DYN.1519.FE,0.005974738459334916,0.017257801803273447
644,"Unemployment, youth total (% of total labor force ages 15-24) (modeled ILO estimate)",SL.UEM.1524.ZS,0.006065884559728261,0.07819045524768582
341,Merchandise exports to low- and middle-income economies outside region (% of total merchandise exports),TX.VAL.MRCH.OR.ZS,0.00606800930000307,0.020763977558272202
180,GDP (constant LCU),NY.GDP.MKTP.KN,0.006181481926077261,0.03574497553774435
636,"Travel services (% of service imports, BoP)",BM.GSR.TRVL.ZS,0.006204157620864715,0.03469807394066654
109,Discrepancy in expenditure estimate of GDP (current LCU),NY.GDP.DISC.CN,0.006248509023344239,0.017421360189524233
462,Population ages 15-64 (% of total population),SP.POP.1564.TO.ZS,0.006303417581223142,0.08440967239242032
463,"Population ages 15-64, female",SP.POP.1564.FE.IN,0.006498205139663428,0.06553700774670658
458,"Population ages 10-14, female (% of female population)",SP.POP.1014.FE.5Y,0.0065001777822172235,0.09787529896886456
38,"Agriculture, forestry, and fishing, value added (annual % growth)",NV.AGR.TOTL.KD.ZG,0.006551901013935332,0.01355065070757975
430,People using at least basic drinking water services (% of population),SH.H2O.BASW.ZS,0.006586595503623753,0.01597248967018835
150,External balance on goods and services (current LCU),NE.RSB.GNFS.CN,0.006651019193741777,0.10161403637375456
635,"Travel services (% of service exports, BoP)",BX.GSR.TRVL.ZS,0.006677144421568528,0.04919021718225923
566,"School enrollment, preprimary, male (% gross)",SE.PRE.ENRR.MA,0.006695127407446587,0.04173983745862184
461,"Population ages 15-19, male (% of male population)",SP.POP.1519.MA.5Y,0.006747347087708325,0.09237593443771014
261,"ICT service exports (BoP, current US$)",BX.GSR.CCIS.CD,0.006772808351034458,0.02620776674933778
425,Out-of-pocket expenditure per capita (current US$),SH.XPD.OOPC.PC.CD,0.0068404020745829784,0.0983415016680612
328,"Manufacturing, value added (current US$)",NV.IND.MANF.CD,0.006913502688432528,0.027753685623053054
763,"Population ages 40-44, male",SP.POP.4044.MA,0.007021238234961984,0.06405056584728444
764,"Population ages 45-49, female",SP.POP.4549.FE,0.0071265570604959255,0.03617333975154759
148,"Exports of goods, services and primary income (BoP, current US$)",BX.GSR.TOTL.CD,0.007159058142394007,0.08271239220932948
351,Merchandise imports from low- and middle-income economies in South Asia (% of total merchandise imports),TM.VAL.MRCH.R5.ZS,0.007160716813017635,0.06699983554105557
545,Regulatory Quality: Number of Sources,RQ.NO.SRC,0.007299112996978684,0.01863460229430164
725,"Mortality rate, under-5 (per 1,000)",SH.DYN.MORT,0.007352542978408339,0.027056575027298576
638,Tuberculosis treatment success rate (% of new cases),SH.TBS.CURE.ZS,0.007365435560051707,0.06651725278390645
489,"Population ages 65 and above, male",SP.POP.65UP.MA.IN,0.0075955477419927175,0.027433736094877637
431,"People using at least basic drinking water services, rural (% of rural population)",SH.H2O.BASW.RU.ZS,0.007608023409972086,0.028986124397850265
616,"Time required to start a business, female (days)",IC.REG.DURS.FE,0.007753234460916563,0.05636368959512448
397,Net official development assistance and official aid received (current US$),DT.ODA.ALLD.CD,0.007876876348325363,0.07567868360950972
770,"Population ages 60-64, female",SP.POP.6064.FE,0.007898582976692107,0.04849447465699472
643,"Unemployment, youth male (% of male labor force ages 15-24) (modeled ILO estimate)",SL.UEM.1524.MA.ZS,0.00803763885893918,0.09510300825776472
492,"Population ages 65-69, female (% of female population)",SP.POP.6569.FE.5Y,0.00806283170273999,0.023342828709555147
237,Gross fixed capital formation (current US$),NE.GDI.FTOT.CD,0.008076791469328756,0.03939142539139027
184,GDP deflator: linked series (base year varies by country),NY.GDP.DEFL.ZS.AD,0.008188804037613632,0.07994753306228959
567,"School enrollment, primary (% gross)",SE.PRM.ENRR,0.008237691875521248,0.016559661289687843
671,"Age population, age 03, female, interpolated",SP.POP.AG03.FE.IN,0.008283774014315416,0.09615802132695611
717,"Domestic private health expenditure per capita, PPP  (current international $)",SH.XPD.PVTD.PP.CD,0.008468989387686386,0.012291555140967473
216,"Goods exports (BoP, current US$)",BX.GSR.MRCH.CD,0.00853193660946081,0.04079578978379481
310,Land area (sq. km),AG.LND.TOTL.K2,0.00857393367559515,0.03560221363291707
768,"Population ages 55-59, female",SP.POP.5559.FE,0.008583587681626093,0.04266964914873694
464,"Population ages 15-64, female (% of female population)",SP.POP.1564.FE.ZS,0.008682050299703677,0.09787867387468728
568,"School enrollment, primary (gross), gender parity index (GPI)",SE.ENR.PRIM.FM.ZS,0.008706543867889828,0.027302390747331623
407,"Net trade in goods (BoP, current US$)",BN.GSR.MRCH.CD,0.008920257697139338,0.08674886908127709
296,"International tourism, receipts (current US$)",ST.INT.RCPT.CD,0.009058074231023262,0.027584974576323452
122,"Employers, total (% of total employment) (modeled ILO estimate)",SL.EMP.MPYR.ZS,0.009065750074100789,0.0681043172300096
641,"Unemployment, total (% of total labor force) (modeled ILO estimate)",SL.UEM.TOTL.ZS,0.00906769284909729,0.06888501577483949
332,"Merchandise exports by the reporting economy, residual (% of total merchandise exports)",TX.VAL.MRCH.RS.ZS,0.009081694372264021,0.017952213922701174
420,Oil rents (% of GDP),NY.GDP.PETR.RT.ZS,0.00914328023023528,0.030352068614091263
474,"Population ages 35-39, female (% of female population)",SP.POP.3539.FE.5Y,0.009192859572272857,0.028199429972793726
15,Adjusted savings: education expenditure (current US$),NY.ADJ.AEDU.CD,0.009275265204833204,0.04046345288591443
642,"Unemployment, youth female (% of female labor force ages 15-24) (modeled ILO estimate)",SL.UEM.1524.FE.ZS,0.009317066588222562,0.08047694484846925
33,Agricultural methane emissions (thousand metric tons of CO2 equivalent),EN.ATM.METH.AG.KT.CE,0.009570584030799906,0.027949700219033057
12,Adjusted savings: consumption of fixed capital (% of GNI),NY.ADJ.DKAP.GN.ZS,0.00957615757587164,0.09087003722413547
694,"Age population, age 14, male, interpolated",SP.POP.AG14.MA.IN,0.00961436575666154,0.028252061400899774
264,"Immunization, measles (% of children ages 12-23 months)",SH.IMM.MEAS,0.009760772295074363,0.03596661078733229
356,Methane emissions in energy sector (thousand metric tons of CO2 equivalent),EN.ATM.METH.EG.KT.CE,0.009997757753363057,0.08242150708928637
471,"Population ages 25-29, male (% of male population)",SP.POP.2529.MA.5Y,0.010158828111864835,0.0911198129887654
247,Gross value added at basic prices (GVA) (current US$),NY.GDP.FCST.CD,0.010195454503098377,0.10812761484120809
13,Adjusted savings: consumption of fixed capital (current US$),NY.ADJ.DKAP.CD,0.010263272474599489,0.03466145953450211
622,Total natural resources rents (% of GDP),NY.GDP.TOTL.RT.ZS,0.010273981643223807,0.10695942938974293
146,Exports of goods and services (current LCU),NE.EXP.GNFS.CN,0.010293188169317116,0.04018974371054515
275,"Incidence of tuberculosis (per 100,000 people)",SH.TBS.INCD,0.010385614009636054,0.026099112515875423
302,"Labor force participation rate, female (% of female population ages 15-64) (modeled ILO estimate)",SL.TLF.ACTI.FE.ZS,0.01043928280116168,0.04866355512095781
650,Voice and Accountability: Percentile Rank,VA.PER.RNK,0.010562330424635478,0.0205708659084534
728,"Number of deaths ages 10-14 years, female",SH.DTH.1014.FE,0.010606123225278466,0.03525356073879426
10,Adjusted savings: carbon dioxide damage (% of GNI),NY.ADJ.DCO2.GN.ZS,0.01060765065194966,0.022691009792488948
249,Households and NPISHs Final consumption expenditure (annual % growth),NE.CON.PRVT.KD.ZG,0.010700110953366404,0.053136177081953576
292,"International tourism, expenditures (current US$)",ST.INT.XPND.CD,0.010957340508727119,0.024233902771911904
186,GDP per capita (constant 2015 US$),NY.GDP.PCAP.KD,0.010999353297797183,0.019915104770775852
316,Lifetime risk of maternal death (1 in: rate varies by country),SH.MMR.RISK,0.01103961202027463,0.05266795941061793
288,Insurance and financial services (% of commercial service imports),TM.VAL.INSF.ZS.WT,0.011093313340235104,0.026590813222089157
572,"School enrollment, primary, private (% of total primary)",SE.PRM.PRIV.ZS,0.01114012030269313,0.06515640025638449
713,"Age population, age 24, female, interpolated",SP.POP.AG24.FE.IN,0.011168993675823979,0.042185738310377176
418,Number of under-five deaths,SH.DTH.MORT,0.011361325618810507,0.04181358672062901
262,"Immunization, DPT (% of children ages 12-23 months)",SH.IMM.IDPT,0.011387937426097632,0.04206120956789697
250,Households and NPISHs Final consumption expenditure (constant 2015 US$),NE.CON.PRVT.KD,0.011582627139203298,0.04944253459121741
26,Adjusted savings: particulate emission damage (current US$),NY.ADJ.DPEM.CD,0.011598418725144473,0.03149799227483638
6,Adjusted net national income (current US$),NY.ADJ.NNTY.CD,0.011720489218767222,0.04769848282696011
170,"Foreign direct investment, net inflows (% of GDP)",BX.KLT.DINV.WD.GD.ZS,0.011809097542028241,0.07676586319175814
637,"Tuberculosis case detection rate (%, all forms)",SH.TBS.DTEC.ZS,0.012002314050193218,0.07921217637102845
117,Domestic private health expenditure (% of current health expenditure),SH.XPD.PVTD.CH.ZS,0.012144862228417638,0.04220222921853805
173,"Foreign direct investment, net outflows (BoP, current US$)",BM.KLT.DINV.CD.WD,0.012147913335527921,0.03618462890640814
260,"ICT service exports (% of service exports, BoP)",BX.GSR.CCIS.ZS,0.01263409382152248,0.0694031831264143
395,Net ODA received per capita (current US$),DT.ODA.ODAT.PC.ZS,0.012759176500914187,0.08974728259019446
333,Merchandise exports to economies in the Arab World (% of total merchandise exports),TX.VAL.MRCH.AL.ZS,0.01275978977937726,0.024669362416268586
135,"Employment to population ratio, ages 15-24, female (%) (modeled ILO estimate)",SL.EMP.1524.SP.FE.ZS,0.013337133231568094,0.038547227979593625
254,Households and NPISHs Final consumption expenditure per capita growth (annual %),NE.CON.PRVT.PC.KD.ZG,0.013344825862425884,0.048992714937451116
465,"Population ages 15-64, male",SP.POP.1564.MA.IN,0.01362112266213012,0.07121541278238498
270,"Imports of goods and services (BoP, current US$)",BM.GSR.GNFS.CD,0.013892717182184832,0.062463327365778
172,"Foreign direct investment, net outflows (% of GDP)",BM.KLT.DINV.WD.GD.ZS,0.013964749319188122,0.018790293825867322
570,"School enrollment, primary, female (% gross)",SE.PRM.ENRR.FE,0.014086778562195803,0.07529730555097244
218,Government Effectiveness: Estimate,GE.EST,0.014199219491151749,0.11817786895247404
721,"Immunization, measles second dose (% of children by the nationally recommended age)",SH.IMM.MEA2,0.014213763720248363,0.04705744528509938
136,"Employment to population ratio, ages 15-24, male (%) (modeled ILO estimate)",SL.EMP.1524.SP.MA.ZS,0.01434207143042696,0.04980034637105392
475,"Population ages 35-39, male (% of male population)",SP.POP.3539.MA.5Y,0.014507434171841395,0.04998579290358663
244,Gross value added at basic prices (GVA) (constant 2015 US$),NY.GDP.FCST.KD,0.015183129270419942,0.08935797459849075
307,"Labor force, female (% of total labor force)",SL.TLF.TOTL.FE.ZS,0.016232105930285613,0.031501162734344855
241,Gross national expenditure (current US$),NE.DAB.TOTL.CD,0.016461646276713374,0.03259793650062375
729,"Number of deaths ages 10-14 years, male",SH.DTH.1014.MA,0.016538794384430566,0.08906133398158582
174,Forest area (% of land area),AG.LND.FRST.ZS,0.016803615361443456,0.038511548709340905
7,Adjusted net national income per capita (current US$),NY.ADJ.NNTY.PC.CD,0.017005202771018215,0.057644172446035216
722,"Mortality caused by road traffic injury (per 100,000 people)",SH.STA.TRAF.P5,0.018537201621750418,0.07105981170917168
506,"Population, male (% of total population)",SP.POP.TOTL.MA.ZS,0.02112035072371782,0.09391003490743956
256,"Households and NPISHs Final consumption expenditure, PPP (current international $)",NE.CON.PRVT.PP.CD,0.021829525160561573,0.03395991074174777
259,ICT goods imports (% total goods imports),TM.VAL.ICTG.ZS.UN,0.023631254875645293,0.0659785001867454
160,Final consumption expenditure (current LCU),NE.CON.TOTL.CN,0.024152072757926857,0.09054702255209075
159,Final consumption expenditure (constant 2015 US$),NE.CON.TOTL.KD,0.025150494754904693,0.06141379762408082
169,"Foreign direct investment, net (BoP, current US$)",BN.KLT.DINV.CD,0.025272762495612378,0.11966249401254753
