,Series Name,Attribution
1596,"Age population, age 13, female, interpolated",0.035440634
1597,Depth of credit information index (0=low to 8=high),0.035450684
1598,Rule of Law: Standard Error,0.035473411
1599,Logistics performance index: Overall (1=low to 5=high),0.035650245
1600,"Suicide mortality rate (per 100,000 population)",0.036225859
12,"Labor force participation rate, female (% of female population ages 15+) (national estimate)",0.036759217
1601,"Children out of school, primary, male",0.036781901
11,"Industrial design applications, nonresident, by count",0.037006886
1602,"Contraceptive prevalence, any method (% of sexually active unmarried women ages 15-49)",0.037259989
1603,Net official development assistance and official aid received (current US$),0.037431425
1604,"Droughts, floods, extreme temperatures (% of population, average 1990-2009)",0.037449719
1605,"Mortality rate, under-5, female (per 1,000)",0.037485686
1606,"Suicide mortality rate, female (per 100,000 female population)",0.037692977
1607,"Progression to secondary school, male (%)",0.037756365
1608,Investment in transport with private participation (current US$),0.037904528
1609,"Labor force participation rate, male (% of male population ages 15-64) (modeled ILO estimate)",0.037904906
1610,"Manufacturing, value added (constant 2015 US$)",0.037955197
1611,Medium and high-tech manufacturing value added (% manufacturing value added),0.038390328
1612,"Net financial flows, bilateral (NFL, current US$)",0.038616307
1613,"Age population, age 25, male, interpolated",0.038656731
1614,"Incidence of tuberculosis (per 100,000 people)",0.038658525
1615,Proportion of seats held by women in national parliaments (%),0.038707094
10,Income share held by third 20%,0.038711373
1616,Domestic private health expenditure per capita (current US$),0.039110723
1617,"Domestic private health expenditure per capita, PPP  (current international $)",0.039130902
1618,"Educational attainment, at least completed post-secondary, population 25+, female (%) (cumulative)",0.039192807
1619,Gross fixed capital formation (annual % growth),0.039590961
1620,Merchandise exports by the reporting economy (current US$),0.039663381
1621,"Prevalence of stunting, height for age, male (% of children under 5)",0.039890652
1622,"Net bilateral aid flows from DAC donors, Switzerland (current US$)",0.04004373
9,Number of people pushed further below the 60% median consumption poverty line by out-of-pocket health care expenditure,0.040144962
1623,"Educational attainment, at least completed lower secondary, population 25+, male (%) (cumulative)",0.040145819
1624,Total reserves minus gold (current US$),0.040274612
1625,"Contraceptive prevalence, any modern method (% of all women ages 15-49)",0.040605582
8,Number of people pushed further below the $2.15 ($ 2017 PPP) poverty line by out-of-pocket health care expenditure,0.040612248
7,Number of people pushed further below the $3.65 ($ 2017 PPP) poverty line by out-of-pocket health care expenditure,0.041057306
1626,Gross national expenditure (constant LCU),0.041521539
1627,"Net bilateral aid flows from DAC donors, Luxembourg (current US$)",0.042187624
1628,"Gross intake ratio in first grade of primary education, female (% of relevant age group)",0.042827354
6,Final consumption expenditure (current US$),0.043019968
1629,Trained teachers in primary education (% of total teachers),0.043028358
1630,"Age population, age 22, male, interpolated",0.043045265
1631,"Internally displaced persons, new displacement associated with disasters (number of cases)",0.043272417
1632,Fixed telephone subscriptions (per 100 people),0.043308127
5,"Age population, age 02, male, interpolated",0.043403369
1633,"Primary education, pupils (% female)",0.043680709
1634,Logistics performance index: Ease of arranging competitively priced shipments (1=low to 5=high),0.043925625
4,Child employment in agriculture (% of economically active children ages 7-14),0.043938181
1635,Proportion of population pushed below the $2.15 ($ 2017 PPP) poverty line by out-of-pocket health care expenditure (%),0.044072003
1636,Voice and Accountability: Standard Error,0.044301983
1637,"Age population, age 14, male, interpolated",0.044533772
1638,"Literacy rate, youth (ages 15-24), gender parity index (GPI)",0.04467301
3,Ease of doing business score (0 = lowest performance to 100 = best performance),0.045469077
1639,Final consumption expenditure (annual % growth),0.045919658
1640,"Immunization, DPT (% of children ages 12-23 months)",0.046035978
1641,Prevalence of anemia among women of reproductive age (% of women ages 15-49),0.046471325
1642,"Life expectancy at birth, male (years)",0.04702432
1643,Travel services (% of commercial service exports),0.04729948
1644,GDP per capita growth (annual %),0.047636796
1645,Broad money growth (annual %),0.047644105
1646,"Net bilateral aid flows from DAC donors, United States (current US$)",0.04769395
1647,Private credit bureau coverage (% of adults),0.047711981
1648,"Probability of dying among adolescents ages 15-19 years (per 1,000)",0.048371127
1649,Firms expected to give gifts in meetings with tax officials (% of firms),0.04894703
2,"Net incurrence of liabilities, total (current LCU)",0.049266108
1650,"Women participating in the three decisions (own health care, major household purchases, and visiting family) (% of women age 15-49)",0.049277254
1651,Primary school age children out-of-school (%),0.049328867
1652,"Children in employment, female (% of female children ages 7-14)",0.050424501
1653,"School enrollment, preprimary, male (% gross)",0.050603746
1654,Prevalence of anemia among pregnant women (%),0.052662565
1655,"Portfolio investment, net (BoP, current US$)",0.053036855
1656,"Literacy rate, adult total (% of people ages 15 and above)",0.053633711
1657,"Probability of dying among adolescents ages 10-19 years, female (per 1,000)",0.054504088
1658,Net official development assistance received (current US$),0.055330992
1659,CO2 emissions from residential buildings and commercial and public services (% of total fuel combustion),0.055398386
1660,Proportion of population pushed further below the $3.65 ($ 2017 PPP) poverty line by out-of-pocket health care expenditure (%),0.056347497
1661,"Mortality rate, under-5, female (per 1,000 live births)",0.056356925
1662,Net foreign assets (current LCU),0.056376766
1663,Adjusted savings: natural resources depletion (% of GNI),0.056381185
1664,"Primary income payments (BoP, current US$)",0.05686394
1,ICT goods imports (% total goods imports),0.056898914
0,Taxes on international trade (% of revenue),0.056993863
1665,Poverty gap at $3.65 a day (2017 PPP) (%),0.057324574
1666,"Service imports (BoP, current US$)",0.058917564
1667,"Age population, age 05, female, interpolated",0.05904199
1668,"Primary completion rate, female (% of relevant age group)",0.05986217
1669,Net migration,0.0603581
1670,"Self-employed, total (% of total employment) (modeled ILO estimate)",0.064305342
1671,"Service exports (BoP, current US$)",0.067125643
1672,"Population, total",0.075612984
1673,Expenditure on tertiary education (% of government expenditure on education),0.077323354
1674,Current health expenditure per capita (current US$),0.080357521
1675,Gross domestic income (constant LCU),0.081129622
1676,Net lending (+) / net borrowing (-) (% of GDP),0.083312268
1677,Net lending (+) / net borrowing (-) (current LCU),0.090217055
1678,Proportion of population pushed below the 60% median consumption poverty line by out-of-pocket health expenditure (%),0.09287994
1679,Public private partnerships investment in energy (current US$),0.101504527
1680,Public and publicly guaranteed debt service (% of GNI),0.109493142
1681,Proportion of population pushed or further pushed below the 60% median consumption poverty line by out-of-pocket health expenditure (%),0.152280955
1682,Proportion of population pushed or further pushed below the $2.15 ($ 2017 PPP) poverty line by out-of-pocket health care expenditure (%),0.155215314
